Entry_Time,Entry_Price,Result,Hold_Min,Exit_Time,WaterCnt,Profit,Water1,Water2,Water3,Water4
2025-03-28 03:11:00+00:00,86807.18,OPEN,5568,,4,0.0,2025-03-28 05:38:00+00:00,2025-03-28 11:14:00+00:00,2025-03-29 09:44:00+00:00,2025-03-29 11:32:00+00:00
2025-03-28 03:12:00+00:00,86827.88,OPEN,5567,,4,0.0,2025-03-28 05:38:00+00:00,2025-03-28 11:13:00+00:00,2025-03-28 17:11:00+00:00,2025-03-29 11:31:00+00:00
2025-03-28 03:13:00+00:00,86827.68,OPEN,5566,,4,0.0,2025-03-28 05:38:00+00:00,2025-03-28 11:13:00+00:00,2025-03-28 17:11:00+00:00,2025-03-29 11:31:00+00:00
2025-03-28 03:15:00+00:00,86835.36,OPEN,5564,,4,0.0,2025-03-28 05:38:00+00:00,2025-03-28 11:13:00+00:00,2025-03-28 17:11:00+00:00,2025-03-29 11:31:00+00:00
2025-03-28 03:16:00+00:00,86819.32,OPEN,5563,,4,0.0,2025-03-28 05:38:00+00:00,2025-03-28 11:14:00+00:00,2025-03-28 17:11:00+00:00,2025-03-29 11:31:00+00:00
2025-03-28 03:17:00+00:00,86846.93,OPEN,5562,,4,0.0,2025-03-28 05:29:00+00:00,2025-03-28 11:13:00+00:00,2025-03-28 17:11:00+00:00,2025-03-29 11:31:00+00:00
2025-03-28 03:21:00+00:00,86811.52,OPEN,5558,,4,0.0,2025-03-28 05:38:00+00:00,2025-03-28 11:14:00+00:00,2025-03-29 09:44:00+00:00,2025-03-29 11:32:00+00:00
2025-03-28 03:22:00+00:00,86801.93,OPEN,5557,,4,0.0,2025-03-28 05:38:00+00:00,2025-03-28 11:14:00+00:00,2025-03-29 09:44:00+00:00,2025-03-29 11:32:00+00:00
2025-03-28 03:23:00+00:00,86804.19,OPEN,5556,,4,0.0,2025-03-28 05:38:00+00:00,2025-03-28 11:14:00+00:00,2025-03-29 09:44:00+00:00,2025-03-29 11:32:00+00:00
2025-03-28 03:24:00+00:00,86833.4,OPEN,5555,,4,0.0,2025-03-28 05:38:00+00:00,2025-03-28 11:13:00+00:00,2025-03-28 17:11:00+00:00,2025-03-29 11:31:00+00:00
2025-03-28 03:25:00+00:00,86840.39,OPEN,5554,,4,0.0,2025-03-28 05:38:00+00:00,2025-03-28 11:13:00+00:00,2025-03-28 17:11:00+00:00,2025-03-29 11:31:00+00:00
2025-03-28 03:26:00+00:00,86807.46,OPEN,5553,,4,0.0,2025-03-28 05:38:00+00:00,2025-03-28 11:14:00+00:00,2025-03-29 09:44:00+00:00,2025-03-29 11:32:00+00:00
2025-03-28 03:27:00+00:00,86839.52,OPEN,5552,,4,0.0,2025-03-28 05:38:00+00:00,2025-03-28 11:13:00+00:00,2025-03-28 17:11:00+00:00,2025-03-29 11:31:00+00:00
2025-03-28 03:28:00+00:00,86830.0,OPEN,5551,,4,0.0,2025-03-28 05:38:00+00:00,2025-03-28 11:13:00+00:00,2025-03-28 17:11:00+00:00,2025-03-29 11:31:00+00:00
2025-03-28 03:29:00+00:00,86800.0,OPEN,5550,,4,0.0,2025-03-28 05:38:00+00:00,2025-03-28 11:14:00+00:00,2025-03-29 09:44:00+00:00,2025-03-29 11:32:00+00:00
2025-03-28 03:30:00+00:00,86839.43,OPEN,5549,,4,0.0,2025-03-28 05:38:00+00:00,2025-03-28 11:13:00+00:00,2025-03-28 17:11:00+00:00,2025-03-29 11:31:00+00:00
2025-03-28 03:32:00+00:00,86815.56,OPEN,5547,,4,0.0,2025-03-28 05:38:00+00:00,2025-03-28 11:14:00+00:00,2025-03-29 09:44:00+00:00,2025-03-29 11:32:00+00:00
2025-03-28 03:36:00+00:00,86837.85,OPEN,5543,,4,0.0,2025-03-28 05:38:00+00:00,2025-03-28 11:13:00+00:00,2025-03-28 17:11:00+00:00,2025-03-29 11:31:00+00:00
2025-03-28 03:37:00+00:00,86819.32,OPEN,5542,,4,0.0,2025-03-28 05:38:00+00:00,2025-03-28 11:14:00+00:00,2025-03-28 17:11:00+00:00,2025-03-29 11:31:00+00:00
2025-03-28 03:38:00+00:00,86809.36,OPEN,5541,,4,0.0,2025-03-28 05:38:00+00:00,2025-03-28 11:14:00+00:00,2025-03-29 09:44:00+00:00,2025-03-29 11:32:00+00:00
2025-03-28 03:39:00+00:00,86844.82,OPEN,5540,,4,0.0,2025-03-28 05:29:00+00:00,2025-03-28 11:13:00+00:00,2025-03-28 17:11:00+00:00,2025-03-29 11:31:00+00:00
2025-03-28 03:40:00+00:00,86817.17,OPEN,5539,,4,0.0,2025-03-28 05:38:00+00:00,2025-03-28 11:14:00+00:00,2025-03-28 17:11:00+00:00,2025-03-29 11:31:00+00:00
2025-03-28 03:41:00+00:00,86830.16,OPEN,5538,,4,0.0,2025-03-28 05:38:00+00:00,2025-03-28 11:13:00+00:00,2025-03-28 17:11:00+00:00,2025-03-29 11:31:00+00:00
2025-03-28 03:42:00+00:00,86815.07,OPEN,5537,,4,0.0,2025-03-28 05:38:00+00:00,2025-03-28 11:14:00+00:00,2025-03-29 09:44:00+00:00,2025-03-29 11:32:00+00:00
2025-03-28 03:43:00+00:00,86818.44,OPEN,5536,,4,0.0,2025-03-28 05:38:00+00:00,2025-03-28 11:14:00+00:00,2025-03-28 17:11:00+00:00,2025-03-29 11:31:00+00:00
2025-03-28 03:44:00+00:00,86844.14,OPEN,5535,,4,0.0,2025-03-28 05:38:00+00:00,2025-03-28 11:13:00+00:00,2025-03-28 17:11:00+00:00,2025-03-29 11:31:00+00:00
2025-03-28 03:46:00+00:00,86804.45,OPEN,5533,,4,0.0,2025-03-28 05:38:00+00:00,2025-03-28 11:14:00+00:00,2025-03-29 09:44:00+00:00,2025-03-29 11:32:00+00:00
2025-03-28 03:47:00+00:00,86814.25,OPEN,5532,,4,0.0,2025-03-28 05:38:00+00:00,2025-03-28 11:14:00+00:00,2025-03-29 09:44:00+00:00,2025-03-29 11:32:00+00:00
2025-03-28 03:48:00+00:00,86813.72,OPEN,5531,,4,0.0,2025-03-28 05:38:00+00:00,2025-03-28 11:14:00+00:00,2025-03-29 09:44:00+00:00,2025-03-29 11:32:00+00:00
2025-03-28 03:49:00+00:00,86817.18,OPEN,5530,,4,0.0,2025-03-28 05:38:00+00:00,2025-03-28 11:14:00+00:00,2025-03-28 17:11:00+00:00,2025-03-29 11:31:00+00:00
2025-03-28 03:50:00+00:00,86799.54,OPEN,5529,,4,0.0,2025-03-28 05:38:00+00:00,2025-03-28 11:14:00+00:00,2025-03-29 09:44:00+00:00,2025-03-29 11:32:00+00:00
2025-03-28 03:51:00+00:00,86800.19,OPEN,5528,,4,0.0,2025-03-28 05:38:00+00:00,2025-03-28 11:14:00+00:00,2025-03-29 09:44:00+00:00,2025-03-29 11:32:00+00:00
2025-03-28 03:52:00+00:00,86800.18,OPEN,5527,,4,0.0,2025-03-28 05:38:00+00:00,2025-03-28 11:14:00+00:00,2025-03-29 09:44:00+00:00,2025-03-29 11:32:00+00:00
2025-03-28 03:53:00+00:00,86800.17,OPEN,5526,,4,0.0,2025-03-28 05:38:00+00:00,2025-03-28 11:14:00+00:00,2025-03-29 09:44:00+00:00,2025-03-29 11:32:00+00:00
2025-03-28 03:54:00+00:00,86800.18,OPEN,5525,,4,0.0,2025-03-28 05:38:00+00:00,2025-03-28 11:14:00+00:00,2025-03-29 09:44:00+00:00,2025-03-29 11:32:00+00:00
2025-03-28 03:55:00+00:00,86790.82,OPEN,5524,,4,0.0,2025-03-28 05:38:00+00:00,2025-03-28 14:06:00+00:00,2025-03-29 09:44:00+00:00,2025-03-29 11:33:00+00:00
2025-03-28 03:56:00+00:00,86844.68,OPEN,5523,,4,0.0,2025-03-28 05:29:00+00:00,2025-03-28 11:13:00+00:00,2025-03-28 17:11:00+00:00,2025-03-29 11:31:00+00:00
2025-03-28 03:57:00+00:00,86839.66,OPEN,5522,,4,0.0,2025-03-28 05:38:00+00:00,2025-03-28 11:13:00+00:00,2025-03-28 17:11:00+00:00,2025-03-29 11:31:00+00:00
2025-03-28 03:58:00+00:00,86804.13,OPEN,5521,,4,0.0,2025-03-28 05:38:00+00:00,2025-03-28 11:14:00+00:00,2025-03-29 09:44:00+00:00,2025-03-29 11:32:00+00:00
2025-03-28 03:59:00+00:00,86787.16,OPEN,5520,,4,0.0,2025-03-28 05:38:00+00:00,2025-03-28 14:06:00+00:00,2025-03-29 09:44:00+00:00,2025-03-29 11:33:00+00:00
2025-03-28 04:00:00+00:00,86797.91,OPEN,5519,,4,0.0,2025-03-28 05:38:00+00:00,2025-03-28 14:06:00+00:00,2025-03-29 09:44:00+00:00,2025-03-29 11:32:00+00:00
2025-03-28 04:01:00+00:00,86832.64,OPEN,5518,,4,0.0,2025-03-28 05:38:00+00:00,2025-03-28 11:13:00+00:00,2025-03-28 17:11:00+00:00,2025-03-29 11:31:00+00:00
2025-03-28 04:02:00+00:00,86801.71,OPEN,5517,,4,0.0,2025-03-28 05:38:00+00:00,2025-03-28 11:14:00+00:00,2025-03-29 09:44:00+00:00,2025-03-29 11:32:00+00:00
2025-03-28 04:03:00+00:00,86829.47,OPEN,5516,,4,0.0,2025-03-28 05:38:00+00:00,2025-03-28 11:13:00+00:00,2025-03-28 17:11:00+00:00,2025-03-29 11:31:00+00:00
2025-03-28 04:04:00+00:00,86831.89,OPEN,5515,,4,0.0,2025-03-28 05:38:00+00:00,2025-03-28 11:13:00+00:00,2025-03-28 17:11:00+00:00,2025-03-29 11:31:00+00:00
2025-03-28 04:05:00+00:00,86781.23,OPEN,5514,,4,0.0,2025-03-28 05:42:00+00:00,2025-03-28 14:06:00+00:00,2025-03-29 09:44:00+00:00,2025-03-29 11:33:00+00:00
2025-03-28 04:06:00+00:00,86798.61,OPEN,5513,,4,0.0,2025-03-28 05:38:00+00:00,2025-03-28 11:14:00+00:00,2025-03-29 09:44:00+00:00,2025-03-29 11:32:00+00:00
2025-03-28 04:07:00+00:00,86789.11,OPEN,5512,,4,0.0,2025-03-28 05:38:00+00:00,2025-03-28 14:06:00+00:00,2025-03-29 09:44:00+00:00,2025-03-29 11:33:00+00:00
2025-03-28 04:08:00+00:00,86780.0,OPEN,5511,,4,0.0,2025-03-28 05:42:00+00:00,2025-03-28 14:06:00+00:00,2025-03-29 09:44:00+00:00,2025-03-29 11:33:00+00:00
2025-03-28 04:09:00+00:00,86776.66,OPEN,5510,,4,0.0,2025-03-28 05:42:00+00:00,2025-03-28 14:06:00+00:00,2025-03-29 09:44:00+00:00,2025-03-29 11:33:00+00:00
2025-03-28 04:10:00+00:00,86779.64,OPEN,5509,,4,0.0,2025-03-28 05:42:00+00:00,2025-03-28 14:06:00+00:00,2025-03-29 09:44:00+00:00,2025-03-29 11:33:00+00:00
2025-03-28 04:11:00+00:00,86775.84,OPEN,5508,,4,0.0,2025-03-28 05:42:00+00:00,2025-03-28 14:06:00+00:00,2025-03-29 09:44:00+00:00,2025-03-29 11:33:00+00:00
2025-03-28 04:12:00+00:00,86779.31,OPEN,5507,,4,0.0,2025-03-28 05:42:00+00:00,2025-03-28 14:06:00+00:00,2025-03-29 09:44:00+00:00,2025-03-29 11:33:00+00:00
2025-03-28 04:13:00+00:00,86778.83,OPEN,5506,,4,0.0,2025-03-28 05:42:00+00:00,2025-03-28 14:06:00+00:00,2025-03-29 09:44:00+00:00,2025-03-29 11:33:00+00:00
2025-03-28 04:14:00+00:00,86774.43,OPEN,5505,,4,0.0,2025-03-28 05:42:00+00:00,2025-03-28 14:06:00+00:00,2025-03-29 09:44:00+00:00,2025-03-29 11:33:00+00:00
2025-03-28 04:15:00+00:00,86749.23,OPEN,5504,,4,0.0,2025-03-28 05:46:00+00:00,2025-03-28 14:06:00+00:00,2025-03-29 09:44:00+00:00,2025-03-29 11:33:00+00:00
2025-03-28 04:16:00+00:00,86746.8,OPEN,5503,,4,0.0,2025-03-28 05:46:00+00:00,2025-03-28 14:06:00+00:00,2025-03-29 09:44:00+00:00,2025-03-29 11:37:00+00:00
2025-03-28 04:17:00+00:00,86726.81,OPEN,5502,,4,0.0,2025-03-28 05:47:00+00:00,2025-03-28 14:06:00+00:00,2025-03-29 09:44:00+00:00,2025-03-29 11:37:00+00:00
2025-03-28 04:18:00+00:00,86737.01,OPEN,5501,,4,0.0,2025-03-28 05:46:00+00:00,2025-03-28 14:06:00+00:00,2025-03-29 09:44:00+00:00,2025-03-29 11:37:00+00:00
2025-03-28 04:19:00+00:00,86736.74,OPEN,5500,,4,0.0,2025-03-28 05:46:00+00:00,2025-03-28 14:06:00+00:00,2025-03-29 09:44:00+00:00,2025-03-29 11:37:00+00:00
2025-03-28 04:20:00+00:00,86721.36,OPEN,5499,,4,0.0,2025-03-28 05:47:00+00:00,2025-03-28 14:06:00+00:00,2025-03-29 09:45:00+00:00,2025-03-29 11:37:00+00:00
2025-03-28 04:21:00+00:00,86687.18,OPEN,5498,,4,0.0,2025-03-28 06:53:00+00:00,2025-03-28 14:06:00+00:00,2025-03-29 09:45:00+00:00,2025-03-29 11:38:00+00:00
2025-03-28 04:22:00+00:00,86679.25,OPEN,5497,,4,0.0,2025-03-28 06:53:00+00:00,2025-03-28 14:06:00+00:00,2025-03-29 09:45:00+00:00,2025-03-29 11:38:00+00:00
2025-03-28 04:23:00+00:00,86704.63,OPEN,5496,,4,0.0,2025-03-28 05:47:00+00:00,2025-03-28 14:06:00+00:00,2025-03-29 09:45:00+00:00,2025-03-29 11:38:00+00:00
2025-03-28 04:24:00+00:00,86709.58,OPEN,5495,,4,0.0,2025-03-28 05:47:00+00:00,2025-03-28 14:06:00+00:00,2025-03-29 09:45:00+00:00,2025-03-29 11:38:00+00:00
2025-03-28 04:25:00+00:00,86741.98,OPEN,5494,,4,0.0,2025-03-28 05:46:00+00:00,2025-03-28 14:06:00+00:00,2025-03-29 09:44:00+00:00,2025-03-29 11:37:00+00:00
2025-03-28 04:26:00+00:00,86767.29,OPEN,5493,,4,0.0,2025-03-28 05:42:00+00:00,2025-03-28 14:06:00+00:00,2025-03-29 09:44:00+00:00,2025-03-29 11:33:00+00:00
2025-03-28 04:27:00+00:00,86775.75,OPEN,5492,,4,0.0,2025-03-28 05:42:00+00:00,2025-03-28 14:06:00+00:00,2025-03-29 09:44:00+00:00,2025-03-29 11:33:00+00:00
2025-03-28 04:28:00+00:00,86721.91,OPEN,5491,,4,0.0,2025-03-28 05:47:00+00:00,2025-03-28 14:06:00+00:00,2025-03-29 09:45:00+00:00,2025-03-29 11:37:00+00:00
2025-03-28 04:29:00+00:00,86712.09,OPEN,5490,,4,0.0,2025-03-28 05:47:00+00:00,2025-03-28 14:06:00+00:00,2025-03-29 09:45:00+00:00,2025-03-29 11:38:00+00:00
2025-03-28 04:30:00+00:00,86700.18,OPEN,5489,,4,0.0,2025-03-28 05:47:00+00:00,2025-03-28 14:06:00+00:00,2025-03-29 09:45:00+00:00,2025-03-29 11:38:00+00:00
2025-03-28 04:31:00+00:00,86642.55,OPEN,5488,,4,0.0,2025-03-28 06:53:00+00:00,2025-03-28 14:07:00+00:00,2025-03-29 09:45:00+00:00,2025-03-29 11:38:00+00:00
2025-03-28 04:32:00+00:00,86585.94,OPEN,5487,,4,0.0,2025-03-28 06:53:00+00:00,2025-03-28 14:08:00+00:00,2025-03-29 10:07:00+00:00,2025-03-29 11:45:00+00:00
2025-03-28 04:33:00+00:00,86607.2,OPEN,5486,,4,0.0,2025-03-28 06:53:00+00:00,2025-03-28 14:08:00+00:00,2025-03-29 10:07:00+00:00,2025-03-29 11:44:00+00:00
2025-03-28 04:34:00+00:00,86617.52,OPEN,5485,,4,0.0,2025-03-28 06:53:00+00:00,2025-03-28 14:08:00+00:00,2025-03-29 10:07:00+00:00,2025-03-29 11:38:00+00:00
2025-03-28 04:35:00+00:00,86630.05,OPEN,5484,,4,0.0,2025-03-28 06:53:00+00:00,2025-03-28 14:08:00+00:00,2025-03-29 09:45:00+00:00,2025-03-29 11:38:00+00:00
2025-03-28 04:36:00+00:00,86579.37,OPEN,5483,,4,0.0,2025-03-28 06:58:00+00:00,2025-03-28 14:08:00+00:00,2025-03-29 10:08:00+00:00,2025-03-29 11:45:00+00:00
2025-03-28 04:37:00+00:00,86552.23,OPEN,5482,,4,0.0,2025-03-28 07:24:00+00:00,2025-03-28 14:08:00+00:00,2025-03-29 10:32:00+00:00,2025-03-29 17:12:00+00:00
2025-03-28 04:38:00+00:00,86522.0,OPEN,5481,,4,0.0,2025-03-28 07:25:00+00:00,2025-03-28 14:08:00+00:00,2025-03-29 10:34:00+00:00,2025-03-29 17:12:00+00:00
2025-03-28 04:39:00+00:00,86449.98,OPEN,5480,,4,0.0,2025-03-28 07:31:00+00:00,2025-03-28 14:09:00+00:00,2025-03-29 10:46:00+00:00,2025-03-29 17:14:00+00:00
2025-03-28 04:40:00+00:00,86221.05,OPEN,5479,,4,0.0,2025-03-28 07:35:00+00:00,2025-03-28 14:36:00+00:00,2025-03-29 10:53:00+00:00,2025-03-29 17:17:00+00:00
2025-03-28 04:41:00+00:00,86320.01,OPEN,5478,,4,0.0,2025-03-28 07:33:00+00:00,2025-03-28 14:12:00+00:00,2025-03-29 10:47:00+00:00,2025-03-29 17:16:00+00:00
2025-03-28 04:42:00+00:00,86280.99,OPEN,5477,,4,0.0,2025-03-28 07:33:00+00:00,2025-03-28 14:32:00+00:00,2025-03-29 10:53:00+00:00,2025-03-29 17:16:00+00:00
2025-03-28 04:43:00+00:00,86324.8,OPEN,5476,,4,0.0,2025-03-28 07:33:00+00:00,2025-03-28 14:12:00+00:00,2025-03-29 10:47:00+00:00,2025-03-29 17:16:00+00:00
2025-03-28 04:44:00+00:00,86251.57,OPEN,5475,,4,0.0,2025-03-28 07:34:00+00:00,2025-03-28 14:32:00+00:00,2025-03-29 10:53:00+00:00,2025-03-29 17:17:00+00:00
2025-03-28 04:45:00+00:00,86189.52,OPEN,5474,,4,0.0,2025-03-28 07:39:00+00:00,2025-03-28 14:36:00+00:00,2025-03-29 10:53:00+00:00,2025-03-29 17:17:00+00:00
2025-03-28 04:46:00+00:00,86186.9,OPEN,5473,,4,0.0,2025-03-28 07:39:00+00:00,2025-03-28 14:36:00+00:00,2025-03-29 10:53:00+00:00,2025-03-29 17:17:00+00:00
2025-03-28 04:47:00+00:00,86260.01,OPEN,5472,,4,0.0,2025-03-28 07:34:00+00:00,2025-03-28 14:32:00+00:00,2025-03-29 10:53:00+00:00,2025-03-29 17:16:00+00:00
2025-03-28 04:48:00+00:00,86204.51,OPEN,5471,,4,0.0,2025-03-28 07:35:00+00:00,2025-03-28 14:36:00+00:00,2025-03-29 10:53:00+00:00,2025-03-29 17:17:00+00:00
2025-03-28 04:49:00+00:00,86144.0,OPEN,5470,,4,0.0,2025-03-28 07:41:00+00:00,2025-03-28 14:51:00+00:00,2025-03-29 10:56:00+00:00,2025-03-30 22:08:00+00:00
2025-03-28 04:50:00+00:00,86142.56,OPEN,5469,,4,0.0,2025-03-28 07:41:00+00:00,2025-03-28 14:51:00+00:00,2025-03-29 10:56:00+00:00,2025-03-30 22:08:00+00:00
2025-03-28 04:57:00+00:00,86105.91,OPEN,5462,,4,0.0,2025-03-28 07:43:00+00:00,2025-03-28 15:01:00+00:00,2025-03-29 10:56:00+00:00,2025-03-30 22:08:00+00:00
2025-03-28 04:58:00+00:00,86218.9,OPEN,5461,,4,0.0,2025-03-28 07:35:00+00:00,2025-03-28 14:36:00+00:00,2025-03-29 10:53:00+00:00,2025-03-29 17:17:00+00:00
2025-03-28 04:59:00+00:00,86305.38,OPEN,5460,,4,0.0,2025-03-28 07:33:00+00:00,2025-03-28 14:18:00+00:00,2025-03-29 10:51:00+00:00,2025-03-29 17:16:00+00:00
2025-03-28 05:00:00+00:00,86188.98,OPEN,5459,,4,0.0,2025-03-28 07:39:00+00:00,2025-03-28 14:36:00+00:00,2025-03-29 10:53:00+00:00,2025-03-29 17:17:00+00:00
2025-03-28 05:01:00+00:00,86213.74,OPEN,5458,,4,0.0,2025-03-28 07:35:00+00:00,2025-03-28 14:36:00+00:00,2025-03-29 10:53:00+00:00,2025-03-29 17:17:00+00:00
2025-03-28 05:02:00+00:00,86194.53,OPEN,5457,,4,0.0,2025-03-28 07:39:00+00:00,2025-03-28 14:36:00+00:00,2025-03-29 10:53:00+00:00,2025-03-29 17:17:00+00:00
2025-03-28 05:03:00+00:00,86229.47,OPEN,5456,,4,0.0,2025-03-28 07:35:00+00:00,2025-03-28 14:36:00+00:00,2025-03-29 10:53:00+00:00,2025-03-29 17:17:00+00:00
2025-03-28 05:04:00+00:00,86173.31,OPEN,5455,,4,0.0,2025-03-28 07:41:00+00:00,2025-03-28 14:36:00+00:00,2025-03-29 10:53:00+00:00,2025-03-30 22:08:00+00:00
2025-03-28 05:05:00+00:00,86114.48,OPEN,5454,,4,0.0,2025-03-28 07:41:00+00:00,2025-03-28 15:01:00+00:00,2025-03-29 10:56:00+00:00,2025-03-30 22:08:00+00:00
2025-03-28 05:06:00+00:00,86207.4,OPEN,5453,,4,0.0,2025-03-28 07:35:00+00:00,2025-03-28 14:36:00+00:00,2025-03-29 10:53:00+00:00,2025-03-29 17:17:00+00:00
2025-03-28 05:07:00+00:00,86185.87,OPEN,5452,,4,0.0,2025-03-28 07:39:00+00:00,2025-03-28 14:36:00+00:00,2025-03-29 10:53:00+00:00,2025-03-29 17:17:00+00:00
2025-03-28 05:08:00+00:00,86090.76,OPEN,5451,,4,0.0,2025-03-28 07:47:00+00:00,2025-03-28 15:01:00+00:00,2025-03-29 10:56:00+00:00,2025-03-30 22:08:00+00:00
2025-03-28 05:09:00+00:00,86070.83,OPEN,5450,,4,0.0,2025-03-28 07:47:00+00:00,2025-03-28 15:01:00+00:00,2025-03-29 10:56:00+00:00,2025-03-31 00:41:00+00:00
2025-03-28 05:10:00+00:00,86145.35,OPEN,5449,,4,0.0,2025-03-28 07:41:00+00:00,2025-03-28 14:51:00+00:00,2025-03-29 10:56:00+00:00,2025-03-30 22:08:00+00:00
2025-03-28 05:11:00+00:00,86153.17,OPEN,5448,,4,0.0,2025-03-28 07:41:00+00:00,2025-03-28 14:51:00+00:00,2025-03-29 10:56:00+00:00,2025-03-30 22:08:00+00:00
2025-03-28 05:12:00+00:00,86115.26,OPEN,5447,,4,0.0,2025-03-28 07:41:00+00:00,2025-03-28 15:01:00+00:00,2025-03-29 10:56:00+00:00,2025-03-30 22:08:00+00:00
2025-03-28 05:13:00+00:00,86068.01,OPEN,5446,,4,0.0,2025-03-28 07:47:00+00:00,2025-03-28 15:01:00+00:00,2025-03-29 10:56:00+00:00,2025-03-31 00:41:00+00:00
2025-03-28 05:14:00+00:00,86075.93,OPEN,5445,,4,0.0,2025-03-28 07:47:00+00:00,2025-03-28 15:01:00+00:00,2025-03-29 10:56:00+00:00,2025-03-31 00:41:00+00:00
2025-03-28 05:15:00+00:00,86049.98,OPEN,5444,,4,0.0,2025-03-28 07:47:00+00:00,2025-03-28 15:01:00+00:00,2025-03-29 10:58:00+00:00,2025-03-31 00:41:00+00:00
2025-03-28 05:17:00+00:00,86064.83,OPEN,5442,,4,0.0,2025-03-28 07:47:00+00:00,2025-03-28 15:01:00+00:00,2025-03-29 10:56:00+00:00,2025-03-31 00:41:00+00:00
2025-03-28 05:19:00+00:00,86027.29,OPEN,5440,,4,0.0,2025-03-28 08:20:00+00:00,2025-03-28 15:02:00+00:00,2025-03-29 11:18:00+00:00,2025-03-31 00:41:00+00:00
2025-03-28 05:20:00+00:00,86049.99,OPEN,5439,,4,0.0,2025-03-28 07:47:00+00:00,2025-03-28 15:01:00+00:00,2025-03-29 10:58:00+00:00,2025-03-31 00:41:00+00:00
2025-03-28 05:21:00+00:00,86181.24,OPEN,5438,,4,0.0,2025-03-28 07:39:00+00:00,2025-03-28 14:36:00+00:00,2025-03-29 10:53:00+00:00,2025-03-30 22:08:00+00:00
2025-03-28 05:22:00+00:00,86148.42,OPEN,5437,,4,0.0,2025-03-28 07:41:00+00:00,2025-03-28 14:51:00+00:00,2025-03-29 10:56:00+00:00,2025-03-30 22:08:00+00:00
2025-03-28 05:23:00+00:00,86108.29,OPEN,5436,,4,0.0,2025-03-28 07:43:00+00:00,2025-03-28 15:01:00+00:00,2025-03-29 10:56:00+00:00,2025-03-30 22:08:00+00:00
2025-03-28 05:24:00+00:00,86099.68,OPEN,5435,,4,0.0,2025-03-28 07:43:00+00:00,2025-03-28 15:01:00+00:00,2025-03-29 10:56:00+00:00,2025-03-30 22:08:00+00:00
2025-03-28 05:25:00+00:00,86035.08,OPEN,5434,,4,0.0,2025-03-28 08:20:00+00:00,2025-03-28 15:02:00+00:00,2025-03-29 11:18:00+00:00,2025-03-31 00:41:00+00:00
2025-03-28 05:26:00+00:00,86048.0,OPEN,5433,,4,0.0,2025-03-28 07:55:00+00:00,2025-03-28 15:01:00+00:00,2025-03-29 10:58:00+00:00,2025-03-31 00:41:00+00:00
2025-03-28 05:27:00+00:00,86081.87,OPEN,5432,,4,0.0,2025-03-28 07:47:00+00:00,2025-03-28 15:01:00+00:00,2025-03-29 10:56:00+00:00,2025-03-31 00:41:00+00:00
2025-03-28 05:28:00+00:00,86034.97,OPEN,5431,,4,0.0,2025-03-28 08:20:00+00:00,2025-03-28 15:02:00+00:00,2025-03-29 11:18:00+00:00,2025-03-31 00:41:00+00:00
2025-03-28 05:36:00+00:00,86031.98,OPEN,5423,,4,0.0,2025-03-28 08:20:00+00:00,2025-03-28 15:02:00+00:00,2025-03-29 11:18:00+00:00,2025-03-31 00:41:00+00:00
2025-03-28 05:52:00+00:00,86059.41,OPEN,5407,,4,0.0,2025-03-28 07:47:00+00:00,2025-03-28 15:01:00+00:00,2025-03-29 10:56:00+00:00,2025-03-31 00:41:00+00:00
2025-03-28 05:53:00+00:00,86120.0,OPEN,5406,,4,0.0,2025-03-28 07:41:00+00:00,2025-03-28 14:51:00+00:00,2025-03-29 10:56:00+00:00,2025-03-30 22:08:00+00:00
2025-03-28 05:54:00+00:00,86132.43,OPEN,5405,,4,0.0,2025-03-28 07:41:00+00:00,2025-03-28 14:51:00+00:00,2025-03-29 10:56:00+00:00,2025-03-30 22:08:00+00:00
2025-03-28 05:55:00+00:00,86042.67,OPEN,5404,,4,0.0,2025-03-28 08:20:00+00:00,2025-03-28 15:01:00+00:00,2025-03-29 11:18:00+00:00,2025-03-31 00:41:00+00:00
2025-03-28 05:56:00+00:00,86089.12,OPEN,5403,,4,0.0,2025-03-28 07:47:00+00:00,2025-03-28 15:01:00+00:00,2025-03-29 10:56:00+00:00,2025-03-31 00:41:00+00:00
2025-03-28 05:57:00+00:00,86094.47,OPEN,5402,,4,0.0,2025-03-28 07:43:00+00:00,2025-03-28 15:01:00+00:00,2025-03-29 10:56:00+00:00,2025-03-30 22:08:00+00:00
2025-03-28 05:58:00+00:00,86049.17,OPEN,5401,,4,0.0,2025-03-28 07:47:00+00:00,2025-03-28 15:01:00+00:00,2025-03-29 10:58:00+00:00,2025-03-31 00:41:00+00:00
2025-03-28 05:59:00+00:00,86059.02,OPEN,5400,,4,0.0,2025-03-28 07:47:00+00:00,2025-03-28 15:01:00+00:00,2025-03-29 10:56:00+00:00,2025-03-31 00:41:00+00:00
2025-03-28 06:00:00+00:00,86037.36,OPEN,5399,,4,0.0,2025-03-28 08:20:00+00:00,2025-03-28 15:02:00+00:00,2025-03-29 11:18:00+00:00,2025-03-31 00:41:00+00:00
2025-03-28 06:01:00+00:00,86089.48,OPEN,5398,,4,0.0,2025-03-28 07:47:00+00:00,2025-03-28 15:01:00+00:00,2025-03-29 10:56:00+00:00,2025-03-31 00:41:00+00:00
2025-03-28 06:02:00+00:00,86090.31,OPEN,5397,,4,0.0,2025-03-28 07:47:00+00:00,2025-03-28 15:01:00+00:00,2025-03-29 10:56:00+00:00,2025-03-30 22:08:00+00:00
2025-03-28 06:03:00+00:00,86100.99,OPEN,5396,,4,0.0,2025-03-28 07:43:00+00:00,2025-03-28 15:01:00+00:00,2025-03-29 10:56:00+00:00,2025-03-30 22:08:00+00:00
2025-03-28 06:04:00+00:00,86228.17,OPEN,5395,,4,0.0,2025-03-28 07:35:00+00:00,2025-03-28 14:36:00+00:00,2025-03-29 10:53:00+00:00,2025-03-29 17:17:00+00:00
2025-03-28 06:05:00+00:00,86176.13,OPEN,5394,,4,0.0,2025-03-28 07:39:00+00:00,2025-03-28 14:36:00+00:00,2025-03-29 10:53:00+00:00,2025-03-30 22:08:00+00:00
2025-03-28 06:06:00+00:00,86190.77,OPEN,5393,,4,0.0,2025-03-28 07:39:00+00:00,2025-03-28 14:36:00+00:00,2025-03-29 10:53:00+00:00,2025-03-29 17:17:00+00:00
2025-03-28 06:07:00+00:00,86188.21,OPEN,5392,,4,0.0,2025-03-28 07:39:00+00:00,2025-03-28 14:36:00+00:00,2025-03-29 10:53:00+00:00,2025-03-29 17:17:00+00:00
2025-03-28 06:08:00+00:00,86179.44,OPEN,5391,,4,0.0,2025-03-28 07:39:00+00:00,2025-03-28 14:36:00+00:00,2025-03-29 10:53:00+00:00,2025-03-30 22:08:00+00:00
2025-03-28 06:09:00+00:00,86239.13,OPEN,5390,,4,0.0,2025-03-28 07:34:00+00:00,2025-03-28 14:32:00+00:00,2025-03-29 10:53:00+00:00,2025-03-29 17:17:00+00:00
2025-03-28 06:10:00+00:00,86182.95,OPEN,5389,,4,0.0,2025-03-28 07:39:00+00:00,2025-03-28 14:36:00+00:00,2025-03-29 10:53:00+00:00,2025-03-29 17:17:00+00:00
2025-03-28 06:11:00+00:00,86156.18,OPEN,5388,,4,0.0,2025-03-28 07:41:00+00:00,2025-03-28 14:51:00+00:00,2025-03-29 10:56:00+00:00,2025-03-30 22:08:00+00:00
2025-03-28 06:12:00+00:00,86149.2,OPEN,5387,,4,0.0,2025-03-28 07:41:00+00:00,2025-03-28 14:51:00+00:00,2025-03-29 10:56:00+00:00,2025-03-30 22:08:00+00:00
2025-03-28 06:13:00+00:00,86171.01,OPEN,5386,,4,0.0,2025-03-28 07:41:00+00:00,2025-03-28 14:36:00+00:00,2025-03-29 10:53:00+00:00,2025-03-30 22:08:00+00:00
2025-03-28 06:14:00+00:00,86209.71,OPEN,5385,,4,0.0,2025-03-28 07:35:00+00:00,2025-03-28 14:36:00+00:00,2025-03-29 10:53:00+00:00,2025-03-29 17:17:00+00:00
2025-03-28 06:15:00+00:00,86174.08,OPEN,5384,,4,0.0,2025-03-28 07:39:00+00:00,2025-03-28 14:36:00+00:00,2025-03-29 10:53:00+00:00,2025-03-30 22:08:00+00:00
2025-03-28 06:16:00+00:00,86108.0,OPEN,5383,,4,0.0,2025-03-28 07:43:00+00:00,2025-03-28 15:01:00+00:00,2025-03-29 10:56:00+00:00,2025-03-30 22:08:00+00:00
2025-03-28 06:17:00+00:00,86093.57,OPEN,5382,,4,0.0,2025-03-28 07:47:00+00:00,2025-03-28 15:01:00+00:00,2025-03-29 10:56:00+00:00,2025-03-30 22:08:00+00:00
2025-03-28 06:18:00+00:00,86089.93,OPEN,5381,,4,0.0,2025-03-28 07:47:00+00:00,2025-03-28 15:01:00+00:00,2025-03-29 10:56:00+00:00,2025-03-31 00:41:00+00:00
2025-03-28 06:19:00+00:00,86097.62,OPEN,5380,,4,0.0,2025-03-28 07:43:00+00:00,2025-03-28 15:01:00+00:00,2025-03-29 10:56:00+00:00,2025-03-30 22:08:00+00:00
2025-03-28 06:20:00+00:00,86145.44,OPEN,5379,,4,0.0,2025-03-28 07:41:00+00:00,2025-03-28 14:51:00+00:00,2025-03-29 10:56:00+00:00,2025-03-30 22:08:00+00:00
2025-03-28 06:21:00+00:00,86108.69,OPEN,5378,,4,0.0,2025-03-28 07:43:00+00:00,2025-03-28 15:01:00+00:00,2025-03-29 10:56:00+00:00,2025-03-30 22:08:00+00:00
2025-03-28 06:22:00+00:00,86088.9,OPEN,5377,,4,0.0,2025-03-28 07:47:00+00:00,2025-03-28 15:01:00+00:00,2025-03-29 10:56:00+00:00,2025-03-31 00:41:00+00:00
2025-03-28 06:23:00+00:00,86039.91,OPEN,5376,,4,0.0,2025-03-28 08:20:00+00:00,2025-03-28 15:02:00+00:00,2025-03-29 11:18:00+00:00,2025-03-31 00:41:00+00:00
2025-03-28 06:24:00+00:00,86023.63,OPEN,5375,,4,0.0,2025-03-28 08:20:00+00:00,2025-03-28 15:02:00+00:00,2025-03-29 11:18:00+00:00,2025-03-31 00:41:00+00:00
2025-03-28 06:25:00+00:00,85978.47,OPEN,5374,,4,0.0,2025-03-28 08:21:00+00:00,2025-03-28 16:09:00+00:00,2025-03-29 11:18:00+00:00,2025-03-31 00:41:00+00:00
2025-03-28 06:26:00+00:00,85925.25,OPEN,5373,,4,0.0,2025-03-28 08:30:00+00:00,2025-03-28 16:12:00+00:00,2025-03-29 11:20:00+00:00,2025-03-31 00:42:00+00:00
2025-03-28 06:27:00+00:00,85947.04,OPEN,5372,,4,0.0,2025-03-28 08:29:00+00:00,2025-03-28 16:12:00+00:00,2025-03-29 11:18:00+00:00,2025-03-31 00:41:00+00:00
2025-03-28 06:28:00+00:00,85980.59,OPEN,5371,,4,0.0,2025-03-28 08:21:00+00:00,2025-03-28 16:09:00+00:00,2025-03-29 11:18:00+00:00,2025-03-31 00:41:00+00:00
2025-03-28 06:29:00+00:00,86003.58,OPEN,5370,,4,0.0,2025-03-28 08:21:00+00:00,2025-03-28 15:02:00+00:00,2025-03-29 11:18:00+00:00,2025-03-31 00:41:00+00:00
2025-03-28 06:30:00+00:00,86005.97,OPEN,5369,,4,0.0,2025-03-28 08:21:00+00:00,2025-03-28 15:02:00+00:00,2025-03-29 11:18:00+00:00,2025-03-31 00:41:00+00:00
2025-03-28 06:31:00+00:00,85958.36,OPEN,5368,,4,0.0,2025-03-28 08:25:00+00:00,2025-03-28 16:12:00+00:00,2025-03-29 11:18:00+00:00,2025-03-31 00:41:00+00:00
2025-03-28 06:32:00+00:00,85961.45,OPEN,5367,,4,0.0,2025-03-28 08:25:00+00:00,2025-03-28 16:12:00+00:00,2025-03-29 11:18:00+00:00,2025-03-31 00:41:00+00:00
2025-03-28 06:33:00+00:00,85924.43,OPEN,5366,,4,0.0,2025-03-28 08:30:00+00:00,2025-03-28 16:12:00+00:00,2025-03-29 11:20:00+00:00,2025-03-31 00:42:00+00:00
2025-03-28 06:34:00+00:00,85979.83,OPEN,5365,,4,0.0,2025-03-28 08:21:00+00:00,2025-03-28 16:09:00+00:00,2025-03-29 11:18:00+00:00,2025-03-31 00:41:00+00:00
2025-03-28 06:35:00+00:00,85944.27,OPEN,5364,,4,0.0,2025-03-28 08:29:00+00:00,2025-03-28 16:12:00+00:00,2025-03-29 11:20:00+00:00,2025-03-31 00:41:00+00:00
2025-03-28 06:36:00+00:00,85939.0,OPEN,5363,,4,0.0,2025-03-28 08:30:00+00:00,2025-03-28 16:12:00+00:00,2025-03-29 11:20:00+00:00,2025-03-31 00:41:00+00:00
2025-03-28 06:37:00+00:00,85908.16,OPEN,5362,,4,0.0,2025-03-28 09:18:00+00:00,2025-03-28 16:13:00+00:00,2025-03-29 11:20:00+00:00,2025-03-31 00:44:00+00:00
2025-03-28 06:38:00+00:00,85863.43,OPEN,5361,,4,0.0,2025-03-28 10:55:00+00:00,2025-03-28 16:14:00+00:00,2025-03-29 11:20:00+00:00,2025-03-31 00:44:00+00:00
2025-03-28 06:39:00+00:00,85899.98,OPEN,5360,,4,0.0,2025-03-28 09:18:00+00:00,2025-03-28 16:13:00+00:00,2025-03-29 11:20:00+00:00,2025-03-31 00:44:00+00:00
2025-03-28 06:40:00+00:00,85893.05,OPEN,5359,,4,0.0,2025-03-28 10:03:00+00:00,2025-03-28 16:13:00+00:00,2025-03-29 11:20:00+00:00,2025-03-31 00:44:00+00:00
2025-03-28 06:41:00+00:00,85878.79,OPEN,5358,,4,0.0,2025-03-28 10:55:00+00:00,2025-03-28 16:14:00+00:00,2025-03-29 11:20:00+00:00,2025-03-31 00:44:00+00:00
2025-03-28 06:42:00+00:00,85849.08,OPEN,5357,,4,0.0,2025-03-28 10:55:00+00:00,2025-03-28 16:15:00+00:00,2025-03-29 11:20:00+00:00,2025-03-31 00:45:00+00:00
2025-03-28 06:43:00+00:00,85874.58,OPEN,5356,,4,0.0,2025-03-28 10:55:00+00:00,2025-03-28 16:14:00+00:00,2025-03-29 11:20:00+00:00,2025-03-31 00:44:00+00:00
2025-03-28 06:44:00+00:00,85852.63,OPEN,5355,,4,0.0,2025-03-28 10:55:00+00:00,2025-03-28 16:14:00+00:00,2025-03-29 11:20:00+00:00,2025-03-31 00:45:00+00:00
2025-03-28 06:45:00+00:00,85920.0,OPEN,5354,,4,0.0,2025-03-28 08:30:00+00:00,2025-03-28 16:12:00+00:00,2025-03-29 11:20:00+00:00,2025-03-31 00:43:00+00:00
2025-03-28 06:46:00+00:00,85843.89,OPEN,5353,,4,0.0,2025-03-28 10:55:00+00:00,2025-03-28 16:15:00+00:00,2025-03-29 11:20:00+00:00,2025-03-31 00:45:00+00:00
2025-03-28 06:47:00+00:00,85890.78,OPEN,5352,,4,0.0,2025-03-28 10:03:00+00:00,2025-03-28 16:13:00+00:00,2025-03-29 11:20:00+00:00,2025-03-31 00:44:00+00:00
2025-03-28 06:48:00+00:00,85869.52,OPEN,5351,,4,0.0,2025-03-28 10:55:00+00:00,2025-03-28 16:14:00+00:00,2025-03-29 11:20:00+00:00,2025-03-31 00:44:00+00:00
2025-03-28 06:49:00+00:00,85908.0,OPEN,5350,,4,0.0,2025-03-28 09:18:00+00:00,2025-03-28 16:13:00+00:00,2025-03-29 11:20:00+00:00,2025-03-31 00:44:00+00:00
2025-03-28 06:50:00+00:00,85923.46,OPEN,5349,,4,0.0,2025-03-28 08:30:00+00:00,2025-03-28 16:12:00+00:00,2025-03-29 11:20:00+00:00,2025-03-31 00:43:00+00:00
2025-03-28 06:51:00+00:00,85879.96,OPEN,5348,,4,0.0,2025-03-28 10:55:00+00:00,2025-03-28 16:14:00+00:00,2025-03-29 11:20:00+00:00,2025-03-31 00:44:00+00:00
2025-03-28 06:52:00+00:00,85844.06,OPEN,5347,,4,0.0,2025-03-28 10:55:00+00:00,2025-03-28 16:15:00+00:00,2025-03-29 11:20:00+00:00,2025-03-31 00:45:00+00:00
2025-03-28 06:53:00+00:00,85718.01,OPEN,5346,,3,0.0,2025-03-28 11:13:00+00:00,2025-03-28 17:05:00+00:00,2025-03-29 11:23:00+00:00,
2025-03-28 06:54:00+00:00,85755.96,OPEN,5345,,3,0.0,2025-03-28 10:58:00+00:00,2025-03-28 16:16:00+00:00,2025-03-29 11:23:00+00:00,
2025-03-28 06:55:00+00:00,85797.83,OPEN,5344,,3,0.0,2025-03-28 10:56:00+00:00,2025-03-28 16:16:00+00:00,2025-03-29 11:23:00+00:00,
2025-03-28 06:56:00+00:00,85788.06,OPEN,5343,,3,0.0,2025-03-28 10:56:00+00:00,2025-03-28 16:16:00+00:00,2025-03-29 11:23:00+00:00,
2025-03-28 06:57:00+00:00,85749.24,OPEN,5342,,3,0.0,2025-03-28 11:03:00+00:00,2025-03-28 16:16:00+00:00,2025-03-29 11:23:00+00:00,
2025-03-28 06:58:00+00:00,85690.13,OPEN,5341,,3,0.0,2025-03-28 11:14:00+00:00,2025-03-28 17:05:00+00:00,2025-03-29 11:23:00+00:00,
2025-03-28 06:59:00+00:00,85719.27,OPEN,5340,,3,0.0,2025-03-28 11:13:00+00:00,2025-03-28 17:05:00+00:00,2025-03-29 11:23:00+00:00,
2025-03-28 07:00:00+00:00,85713.24,OPEN,5339,,3,0.0,2025-03-28 11:13:00+00:00,2025-03-28 17:05:00+00:00,2025-03-29 11:23:00+00:00,
2025-03-28 07:01:00+00:00,85689.23,OPEN,5338,,3,0.0,2025-03-28 11:14:00+00:00,2025-03-28 17:05:00+00:00,2025-03-29 11:23:00+00:00,
2025-03-28 07:02:00+00:00,85745.56,OPEN,5337,,3,0.0,2025-03-28 11:03:00+00:00,2025-03-28 16:16:00+00:00,2025-03-29 11:23:00+00:00,
2025-03-28 07:03:00+00:00,85784.63,OPEN,5336,,3,0.0,2025-03-28 10:56:00+00:00,2025-03-28 16:16:00+00:00,2025-03-29 11:23:00+00:00,
2025-03-28 07:04:00+00:00,85779.61,OPEN,5335,,3,0.0,2025-03-28 10:57:00+00:00,2025-03-28 16:16:00+00:00,2025-03-29 11:23:00+00:00,
2025-03-28 07:05:00+00:00,85839.96,OPEN,5334,,4,0.0,2025-03-28 10:55:00+00:00,2025-03-28 16:15:00+00:00,2025-03-29 11:20:00+00:00,2025-03-31 00:45:00+00:00
2025-03-28 07:06:00+00:00,85825.76,OPEN,5333,,4,0.0,2025-03-28 10:56:00+00:00,2025-03-28 16:16:00+00:00,2025-03-29 11:23:00+00:00,2025-03-31 10:11:00+00:00
2025-03-28 07:07:00+00:00,85856.41,OPEN,5332,,4,0.0,2025-03-28 10:55:00+00:00,2025-03-28 16:14:00+00:00,2025-03-29 11:20:00+00:00,2025-03-31 00:45:00+00:00
2025-03-28 07:08:00+00:00,85830.19,OPEN,5331,,4,0.0,2025-03-28 10:56:00+00:00,2025-03-28 16:16:00+00:00,2025-03-29 11:20:00+00:00,2025-03-31 10:11:00+00:00
2025-03-28 07:09:00+00:00,85833.46,OPEN,5330,,4,0.0,2025-03-28 10:56:00+00:00,2025-03-28 16:15:00+00:00,2025-03-29 11:20:00+00:00,2025-03-31 00:45:00+00:00
2025-03-28 07:10:00+00:00,85775.99,OPEN,5329,,3,0.0,2025-03-28 10:57:00+00:00,2025-03-28 16:16:00+00:00,2025-03-29 11:23:00+00:00,
2025-03-28 07:11:00+00:00,85742.23,OPEN,5328,,3,0.0,2025-03-28 11:04:00+00:00,2025-03-28 16:16:00+00:00,2025-03-29 11:23:00+00:00,
2025-03-28 07:12:00+00:00,85747.68,OPEN,5327,,3,0.0,2025-03-28 11:03:00+00:00,2025-03-28 16:16:00+00:00,2025-03-29 11:23:00+00:00,
2025-03-28 07:13:00+00:00,85704.1,OPEN,5326,,3,0.0,2025-03-28 11:13:00+00:00,2025-03-28 17:05:00+00:00,2025-03-29 11:23:00+00:00,
2025-03-28 07:14:00+00:00,85709.9,OPEN,5325,,3,0.0,2025-03-28 11:13:00+00:00,2025-03-28 17:05:00+00:00,2025-03-29 11:23:00+00:00,
2025-03-28 07:15:00+00:00,85735.84,OPEN,5324,,3,0.0,2025-03-28 11:04:00+00:00,2025-03-28 16:16:00+00:00,2025-03-29 11:23:00+00:00,
2025-03-28 07:16:00+00:00,85796.0,OPEN,5323,,3,0.0,2025-03-28 10:56:00+00:00,2025-03-28 16:16:00+00:00,2025-03-29 11:23:00+00:00,
2025-03-28 07:17:00+00:00,85806.77,OPEN,5322,,3,0.0,2025-03-28 10:56:00+00:00,2025-03-28 16:16:00+00:00,2025-03-29 11:23:00+00:00,
2025-03-28 07:18:00+00:00,85755.83,OPEN,5321,,3,0.0,2025-03-28 10:58:00+00:00,2025-03-28 16:16:00+00:00,2025-03-29 11:23:00+00:00,
2025-03-28 07:19:00+00:00,85772.07,OPEN,5320,,3,0.0,2025-03-28 10:58:00+00:00,2025-03-28 16:16:00+00:00,2025-03-29 11:23:00+00:00,
2025-03-28 07:20:00+00:00,85762.69,OPEN,5319,,3,0.0,2025-03-28 10:58:00+00:00,2025-03-28 16:16:00+00:00,2025-03-29 11:23:00+00:00,
2025-03-28 07:21:00+00:00,85777.99,OPEN,5318,,3,0.0,2025-03-28 10:57:00+00:00,2025-03-28 16:16:00+00:00,2025-03-29 11:23:00+00:00,
2025-03-28 07:22:00+00:00,85799.97,OPEN,5317,,3,0.0,2025-03-28 10:56:00+00:00,2025-03-28 16:16:00+00:00,2025-03-29 11:23:00+00:00,
2025-03-28 07:23:00+00:00,85743.56,OPEN,5316,,3,0.0,2025-03-28 11:04:00+00:00,2025-03-28 16:16:00+00:00,2025-03-29 11:23:00+00:00,
2025-03-28 07:24:00+00:00,85685.7,OPEN,5315,,3,0.0,2025-03-28 11:14:00+00:00,2025-03-28 17:08:00+00:00,2025-03-29 11:23:00+00:00,
2025-03-28 07:25:00+00:00,85654.69,OPEN,5314,,3,0.0,2025-03-28 14:06:00+00:00,2025-03-28 17:11:00+00:00,2025-03-29 11:25:00+00:00,
2025-03-28 07:26:00+00:00,85617.35,OPEN,5313,,3,0.0,2025-03-28 14:06:00+00:00,2025-03-28 17:11:00+00:00,2025-03-29 11:25:00+00:00,
2025-03-28 07:27:00+00:00,85610.68,OPEN,5312,,3,0.0,2025-03-28 14:06:00+00:00,2025-03-28 17:11:00+00:00,2025-03-29 11:25:00+00:00,
2025-03-28 07:28:00+00:00,85588.9,OPEN,5311,,3,0.0,2025-03-28 14:06:00+00:00,2025-03-28 17:11:00+00:00,2025-03-29 11:31:00+00:00,
2025-03-28 07:29:00+00:00,85605.58,OPEN,5310,,3,0.0,2025-03-28 14:06:00+00:00,2025-03-28 17:11:00+00:00,2025-03-29 11:25:00+00:00,
2025-03-28 07:30:00+00:00,85592.42,OPEN,5309,,3,0.0,2025-03-28 14:06:00+00:00,2025-03-28 17:11:00+00:00,2025-03-29 11:31:00+00:00,
2025-03-28 07:31:00+00:00,85547.99,OPEN,5308,,3,0.0,2025-03-28 14:06:00+00:00,2025-03-28 17:11:00+00:00,2025-03-29 11:31:00+00:00,
2025-03-28 07:32:00+00:00,85475.29,OPEN,5307,,3,0.0,2025-03-28 14:08:00+00:00,2025-03-29 09:44:00+00:00,2025-03-29 11:31:00+00:00,
2025-03-28 07:33:00+00:00,85406.73,OPEN,5306,,3,0.0,2025-03-28 14:08:00+00:00,2025-03-29 09:45:00+00:00,2025-03-29 11:33:00+00:00,
2025-03-28 07:34:00+00:00,85376.56,OPEN,5305,,3,0.0,2025-03-28 14:08:00+00:00,2025-03-29 09:45:00+00:00,2025-03-29 11:33:00+00:00,
2025-03-28 07:35:00+00:00,85333.01,OPEN,5304,,3,0.0,2025-03-28 14:09:00+00:00,2025-03-29 10:07:00+00:00,2025-03-29 11:38:00+00:00,
2025-03-28 07:36:00+00:00,85378.06,OPEN,5303,,3,0.0,2025-03-28 14:08:00+00:00,2025-03-29 09:45:00+00:00,2025-03-29 11:33:00+00:00,
2025-03-28 07:37:00+00:00,85388.51,OPEN,5302,,3,0.0,2025-03-28 14:08:00+00:00,2025-03-29 09:45:00+00:00,2025-03-29 11:33:00+00:00,
2025-03-28 07:38:00+00:00,85337.09,OPEN,5301,,3,0.0,2025-03-28 14:09:00+00:00,2025-03-29 10:07:00+00:00,2025-03-29 11:38:00+00:00,
2025-03-28 07:45:00+00:00,85325.99,OPEN,5294,,3,0.0,2025-03-28 14:09:00+00:00,2025-03-29 10:07:00+00:00,2025-03-29 11:38:00+00:00,
2025-03-28 08:02:00+00:00,85342.77,OPEN,5277,,3,0.0,2025-03-28 14:09:00+00:00,2025-03-29 10:07:00+00:00,2025-03-29 11:37:00+00:00,
2025-03-28 08:03:00+00:00,85349.27,OPEN,5276,,3,0.0,2025-03-28 14:09:00+00:00,2025-03-29 10:07:00+00:00,2025-03-29 11:37:00+00:00,
2025-03-28 08:04:00+00:00,85382.26,OPEN,5275,,3,0.0,2025-03-28 14:08:00+00:00,2025-03-29 09:45:00+00:00,2025-03-29 11:33:00+00:00,
2025-03-28 08:05:00+00:00,85357.99,OPEN,5274,,3,0.0,2025-03-28 14:08:00+00:00,2025-03-29 09:45:00+00:00,2025-03-29 11:37:00+00:00,
2025-03-28 08:06:00+00:00,85412.0,OPEN,5273,,3,0.0,2025-03-28 14:08:00+00:00,2025-03-29 09:45:00+00:00,2025-03-29 11:33:00+00:00,
2025-03-28 08:07:00+00:00,85412.78,OPEN,5272,,3,0.0,2025-03-28 14:08:00+00:00,2025-03-29 09:45:00+00:00,2025-03-29 11:33:00+00:00,
2025-03-28 08:08:00+00:00,85404.98,OPEN,5271,,3,0.0,2025-03-28 14:08:00+00:00,2025-03-29 09:45:00+00:00,2025-03-29 11:33:00+00:00,
2025-03-28 08:09:00+00:00,85430.01,OPEN,5270,,3,0.0,2025-03-28 14:08:00+00:00,2025-03-29 09:45:00+00:00,2025-03-29 11:32:00+00:00,
2025-03-28 08:10:00+00:00,85381.46,OPEN,5269,,3,0.0,2025-03-28 14:08:00+00:00,2025-03-29 09:45:00+00:00,2025-03-29 11:33:00+00:00,
2025-03-28 08:11:00+00:00,85381.47,OPEN,5268,,3,0.0,2025-03-28 14:08:00+00:00,2025-03-29 09:45:00+00:00,2025-03-29 11:33:00+00:00,
2025-03-28 08:12:00+00:00,85370.82,OPEN,5267,,3,0.0,2025-03-28 14:08:00+00:00,2025-03-29 09:45:00+00:00,2025-03-29 11:37:00+00:00,
2025-03-28 08:15:00+00:00,85373.2,OPEN,5264,,3,0.0,2025-03-28 14:08:00+00:00,2025-03-29 09:45:00+00:00,2025-03-29 11:33:00+00:00,
2025-03-28 08:17:00+00:00,85335.4,OPEN,5262,,3,0.0,2025-03-28 14:09:00+00:00,2025-03-29 10:07:00+00:00,2025-03-29 11:38:00+00:00,
2025-03-28 08:47:00+00:00,85344.84,OPEN,5232,,3,0.0,2025-03-28 14:09:00+00:00,2025-03-29 10:07:00+00:00,2025-03-29 11:37:00+00:00,
2025-03-28 08:48:00+00:00,85390.79,OPEN,5231,,3,0.0,2025-03-28 14:08:00+00:00,2025-03-29 09:45:00+00:00,2025-03-29 11:33:00+00:00,
2025-03-28 08:49:00+00:00,85395.59,OPEN,5230,,3,0.0,2025-03-28 14:08:00+00:00,2025-03-29 09:45:00+00:00,2025-03-29 11:33:00+00:00,
2025-03-28 08:50:00+00:00,85371.44,OPEN,5229,,3,0.0,2025-03-28 14:08:00+00:00,2025-03-29 09:45:00+00:00,2025-03-29 11:37:00+00:00,
2025-03-28 09:33:00+00:00,85366.83,OPEN,5186,,3,0.0,2025-03-28 14:08:00+00:00,2025-03-29 09:45:00+00:00,2025-03-29 11:37:00+00:00,
2025-03-28 09:34:00+00:00,85407.2,OPEN,5185,,3,0.0,2025-03-28 14:08:00+00:00,2025-03-29 09:45:00+00:00,2025-03-29 11:33:00+00:00,
2025-03-28 09:35:00+00:00,85346.97,OPEN,5184,,3,0.0,2025-03-28 14:09:00+00:00,2025-03-29 10:07:00+00:00,2025-03-29 11:37:00+00:00,
2025-03-28 12:29:00+00:00,85375.58,OPEN,5010,,3,0.0,2025-03-28 14:08:00+00:00,2025-03-29 09:45:00+00:00,2025-03-29 11:33:00+00:00,
2025-03-28 13:14:00+00:00,85350.0,OPEN,4965,,3,0.0,2025-03-28 14:08:00+00:00,2025-03-29 10:07:00+00:00,2025-03-29 11:37:00+00:00,
2025-03-28 13:15:00+00:00,85331.2,OPEN,4964,,3,0.0,2025-03-28 14:09:00+00:00,2025-03-29 10:07:00+00:00,2025-03-29 11:38:00+00:00,
2025-03-28 13:16:00+00:00,85401.35,OPEN,4963,,3,0.0,2025-03-28 14:08:00+00:00,2025-03-29 09:45:00+00:00,2025-03-29 11:33:00+00:00,
2025-03-28 13:17:00+00:00,85479.49,OPEN,4962,,3,0.0,2025-03-28 14:08:00+00:00,2025-03-29 09:44:00+00:00,2025-03-29 11:31:00+00:00,
2025-03-28 13:18:00+00:00,85493.45,OPEN,4961,,3,0.0,2025-03-28 14:08:00+00:00,2025-03-29 09:44:00+00:00,2025-03-29 11:31:00+00:00,
2025-03-28 13:19:00+00:00,85514.99,OPEN,4960,,3,0.0,2025-03-28 14:07:00+00:00,2025-03-29 09:44:00+00:00,2025-03-29 11:31:00+00:00,
2025-03-28 13:20:00+00:00,85450.0,OPEN,4959,,3,0.0,2025-03-28 14:08:00+00:00,2025-03-29 09:45:00+00:00,2025-03-29 11:31:00+00:00,
2025-03-28 13:21:00+00:00,85494.68,OPEN,4958,,3,0.0,2025-03-28 14:08:00+00:00,2025-03-29 09:44:00+00:00,2025-03-29 11:31:00+00:00,
2025-03-28 13:22:00+00:00,85533.24,OPEN,4957,,3,0.0,2025-03-28 14:07:00+00:00,2025-03-29 09:44:00+00:00,2025-03-29 11:31:00+00:00,
2025-03-28 13:23:00+00:00,85460.01,OPEN,4956,,3,0.0,2025-03-28 14:08:00+00:00,2025-03-29 09:44:00+00:00,2025-03-29 11:31:00+00:00,
2025-03-28 13:24:00+00:00,85394.9,OPEN,4955,,3,0.0,2025-03-28 14:08:00+00:00,2025-03-29 09:45:00+00:00,2025-03-29 11:33:00+00:00,
2025-03-28 13:25:00+00:00,85359.55,OPEN,4954,,3,0.0,2025-03-28 14:08:00+00:00,2025-03-29 09:45:00+00:00,2025-03-29 11:37:00+00:00,
2025-03-28 13:26:00+00:00,85328.0,OPEN,4953,,3,0.0,2025-03-28 14:09:00+00:00,2025-03-29 10:07:00+00:00,2025-03-29 11:38:00+00:00,
2025-03-28 13:29:00+00:00,85333.15,OPEN,4950,,3,0.0,2025-03-28 14:09:00+00:00,2025-03-29 10:07:00+00:00,2025-03-29 11:38:00+00:00,
2025-03-28 13:36:00+00:00,85342.35,OPEN,4943,,3,0.0,2025-03-28 14:09:00+00:00,2025-03-29 10:07:00+00:00,2025-03-29 11:37:00+00:00,
2025-03-28 13:37:00+00:00,85464.7,OPEN,4942,,3,0.0,2025-03-28 14:08:00+00:00,2025-03-29 09:44:00+00:00,2025-03-29 11:31:00+00:00,
2025-03-28 13:38:00+00:00,85535.21,OPEN,4941,,3,0.0,2025-03-28 14:07:00+00:00,2025-03-29 09:44:00+00:00,2025-03-29 11:31:00+00:00,
2025-03-28 13:39:00+00:00,85512.65,OPEN,4940,,3,0.0,2025-03-28 14:07:00+00:00,2025-03-29 09:44:00+00:00,2025-03-29 11:31:00+00:00,
2025-03-28 13:40:00+00:00,85446.02,OPEN,4939,,3,0.0,2025-03-28 14:08:00+00:00,2025-03-29 09:45:00+00:00,2025-03-29 11:31:00+00:00,
2025-03-28 13:41:00+00:00,85384.05,OPEN,4938,,3,0.0,2025-03-28 14:08:00+00:00,2025-03-29 09:45:00+00:00,2025-03-29 11:33:00+00:00,
2025-03-28 13:42:00+00:00,85466.0,OPEN,4937,,3,0.0,2025-03-28 14:08:00+00:00,2025-03-29 09:44:00+00:00,2025-03-29 11:31:00+00:00,
2025-03-28 13:43:00+00:00,85361.89,OPEN,4936,,3,0.0,2025-03-28 14:08:00+00:00,2025-03-29 09:45:00+00:00,2025-03-29 11:37:00+00:00,
2025-03-28 13:44:00+00:00,85304.11,OPEN,4935,,3,0.0,2025-03-28 14:09:00+00:00,2025-03-29 10:08:00+00:00,2025-03-29 11:38:00+00:00,
2025-03-28 13:45:00+00:00,85227.48,OPEN,4934,,3,0.0,2025-03-28 14:12:00+00:00,2025-03-29 10:37:00+00:00,2025-03-29 11:44:00+00:00,
2025-03-28 13:46:00+00:00,85196.56,OPEN,4933,,3,0.0,2025-03-28 14:12:00+00:00,2025-03-29 10:46:00+00:00,2025-03-29 11:45:00+00:00,
2025-03-28 13:47:00+00:00,85280.98,OPEN,4932,,3,0.0,2025-03-28 14:09:00+00:00,2025-03-29 10:32:00+00:00,2025-03-29 11:38:00+00:00,
2025-03-28 13:48:00+00:00,85305.43,OPEN,4931,,3,0.0,2025-03-28 14:09:00+00:00,2025-03-29 10:08:00+00:00,2025-03-29 11:38:00+00:00,
2025-03-28 13:49:00+00:00,85250.12,OPEN,4930,,3,0.0,2025-03-28 14:12:00+00:00,2025-03-29 10:34:00+00:00,2025-03-29 11:38:00+00:00,
2025-03-28 13:50:00+00:00,85232.41,OPEN,4929,,3,0.0,2025-03-28 14:12:00+00:00,2025-03-29 10:37:00+00:00,2025-03-29 11:44:00+00:00,
2025-03-28 13:51:00+00:00,85117.98,OPEN,4928,,3,0.0,2025-03-28 14:32:00+00:00,2025-03-29 10:47:00+00:00,2025-03-29 17:13:00+00:00,
2025-03-28 13:52:00+00:00,85051.66,OPEN,4927,,3,0.0,2025-03-28 14:36:00+00:00,2025-03-29 10:47:00+00:00,2025-03-29 17:15:00+00:00,
2025-03-28 13:53:00+00:00,84971.57,OPEN,4926,,3,0.0,2025-03-28 15:01:00+00:00,2025-03-29 10:53:00+00:00,2025-03-29 17:16:00+00:00,
2025-03-28 13:54:00+00:00,84984.21,OPEN,4925,,3,0.0,2025-03-28 15:01:00+00:00,2025-03-29 10:53:00+00:00,2025-03-29 17:15:00+00:00,
2025-03-28 13:55:00+00:00,84944.67,OPEN,4924,,3,0.0,2025-03-28 15:01:00+00:00,2025-03-29 10:53:00+00:00,2025-03-29 17:16:00+00:00,
2025-03-28 13:56:00+00:00,84997.67,OPEN,4923,,3,0.0,2025-03-28 15:01:00+00:00,2025-03-29 10:53:00+00:00,2025-03-29 17:15:00+00:00,
2025-03-28 13:57:00+00:00,85060.86,OPEN,4922,,3,0.0,2025-03-28 14:36:00+00:00,2025-03-29 10:47:00+00:00,2025-03-29 17:15:00+00:00,
2025-03-28 13:58:00+00:00,85010.4,OPEN,4921,,3,0.0,2025-03-28 14:51:00+00:00,2025-03-29 10:53:00+00:00,2025-03-29 17:15:00+00:00,
2025-03-28 13:59:00+00:00,84994.0,OPEN,4920,,3,0.0,2025-03-28 15:01:00+00:00,2025-03-29 10:53:00+00:00,2025-03-29 17:15:00+00:00,
2025-03-28 14:00:00+00:00,85002.61,OPEN,4919,,3,0.0,2025-03-28 15:01:00+00:00,2025-03-29 10:53:00+00:00,2025-03-29 17:15:00+00:00,
2025-03-28 14:01:00+00:00,85017.3,OPEN,4918,,3,0.0,2025-03-28 14:51:00+00:00,2025-03-29 10:53:00+00:00,2025-03-29 17:15:00+00:00,
2025-03-28 14:02:00+00:00,85076.0,OPEN,4917,,3,0.0,2025-03-28 14:36:00+00:00,2025-03-29 10:47:00+00:00,2025-03-29 17:14:00+00:00,
2025-03-28 14:03:00+00:00,84919.76,OPEN,4916,,3,0.0,2025-03-28 15:02:00+00:00,2025-03-29 10:53:00+00:00,2025-03-29 17:16:00+00:00,
2025-03-28 14:04:00+00:00,84845.55,OPEN,4915,,3,0.0,2025-03-28 16:12:00+00:00,2025-03-29 10:56:00+00:00,2025-03-29 17:17:00+00:00,
2025-03-28 14:05:00+00:00,84817.51,OPEN,4914,,3,0.0,2025-03-28 16:12:00+00:00,2025-03-29 10:56:00+00:00,2025-03-29 17:17:00+00:00,
2025-03-28 14:09:00+00:00,84423.73,OPEN,4910,,2,0.0,2025-03-29 09:44:00+00:00,2025-03-29 11:25:00+00:00,,
2025-03-28 14:10:00+00:00,84410.99,OPEN,4909,,2,0.0,2025-03-29 09:44:00+00:00,2025-03-29 11:25:00+00:00,,
2025-03-28 14:15:00+00:00,84408.66,OPEN,4904,,2,0.0,2025-03-29 09:44:00+00:00,2025-03-29 11:25:00+00:00,,
2025-03-28 14:17:00+00:00,84426.4,OPEN,4902,,2,0.0,2025-03-29 09:44:00+00:00,2025-03-29 11:23:00+00:00,,
2025-03-28 14:28:00+00:00,84404.32,OPEN,4891,,2,0.0,2025-03-29 09:44:00+00:00,2025-03-29 11:25:00+00:00,,
2025-03-28 14:30:00+00:00,84422.07,OPEN,4889,,2,0.0,2025-03-29 09:44:00+00:00,2025-03-29 11:25:00+00:00,,
2025-03-28 14:44:00+00:00,84405.2,OPEN,4875,,2,0.0,2025-03-29 09:44:00+00:00,2025-03-29 11:25:00+00:00,,
2025-03-28 15:37:00+00:00,84408.95,OPEN,4822,,2,0.0,2025-03-29 09:44:00+00:00,2025-03-29 11:25:00+00:00,,
2025-03-28 15:38:00+00:00,84412.64,OPEN,4821,,2,0.0,2025-03-29 09:44:00+00:00,2025-03-29 11:25:00+00:00,,
2025-03-28 22:56:00+00:00,84449.01,OPEN,4383,,2,0.0,2025-03-29 09:44:00+00:00,2025-03-29 11:23:00+00:00,,
2025-03-28 22:57:00+00:00,84432.01,OPEN,4382,,2,0.0,2025-03-29 09:44:00+00:00,2025-03-29 11:23:00+00:00,,
2025-03-28 22:58:00+00:00,84448.01,OPEN,4381,,2,0.0,2025-03-29 09:44:00+00:00,2025-03-29 11:23:00+00:00,,
2025-03-28 23:00:00+00:00,84462.77,OPEN,4379,,2,0.0,2025-03-29 09:44:00+00:00,2025-03-29 11:23:00+00:00,,
2025-03-28 23:01:00+00:00,84453.22,OPEN,4378,,2,0.0,2025-03-29 09:44:00+00:00,2025-03-29 11:23:00+00:00,,
2025-03-28 23:02:00+00:00,84459.52,OPEN,4377,,2,0.0,2025-03-29 09:44:00+00:00,2025-03-29 11:23:00+00:00,,
2025-03-28 23:07:00+00:00,84430.18,OPEN,4372,,2,0.0,2025-03-29 09:44:00+00:00,2025-03-29 11:23:00+00:00,,
2025-03-28 23:45:00+00:00,84401.15,OPEN,4334,,2,0.0,2025-03-29 09:44:00+00:00,2025-03-29 11:25:00+00:00,,
2025-03-28 23:53:00+00:00,84400.98,OPEN,4326,,2,0.0,2025-03-29 09:44:00+00:00,2025-03-29 11:25:00+00:00,,
2025-03-28 23:54:00+00:00,84413.0,OPEN,4325,,2,0.0,2025-03-29 09:44:00+00:00,2025-03-29 11:25:00+00:00,,
2025-03-28 23:59:00+00:00,84424.38,OPEN,4320,,2,0.0,2025-03-29 09:44:00+00:00,2025-03-29 11:23:00+00:00,,
2025-03-29 00:06:00+00:00,84409.19,OPEN,4313,,2,0.0,2025-03-29 09:44:00+00:00,2025-03-29 11:25:00+00:00,,
2025-03-29 00:09:00+00:00,84413.97,OPEN,4310,,2,0.0,2025-03-29 09:44:00+00:00,2025-03-29 11:25:00+00:00,,
2025-03-29 00:10:00+00:00,84452.88,OPEN,4309,,2,0.0,2025-03-29 09:44:00+00:00,2025-03-29 11:23:00+00:00,,
2025-03-29 00:11:00+00:00,84459.79,OPEN,4308,,2,0.0,2025-03-29 09:44:00+00:00,2025-03-29 11:23:00+00:00,,
2025-03-29 00:12:00+00:00,84430.35,OPEN,4307,,2,0.0,2025-03-29 09:44:00+00:00,2025-03-29 11:23:00+00:00,,
2025-03-29 00:15:00+00:00,84440.46,OPEN,4304,,2,0.0,2025-03-29 09:44:00+00:00,2025-03-29 11:23:00+00:00,,
2025-03-29 00:48:00+00:00,84462.33,OPEN,4271,,2,0.0,2025-03-29 09:44:00+00:00,2025-03-29 11:23:00+00:00,,
2025-03-29 00:49:00+00:00,84462.35,OPEN,4270,,2,0.0,2025-03-29 09:44:00+00:00,2025-03-29 11:23:00+00:00,,
2025-03-29 00:50:00+00:00,84413.01,OPEN,4269,,2,0.0,2025-03-29 09:44:00+00:00,2025-03-29 11:25:00+00:00,,
2025-03-29 00:51:00+00:00,84391.93,OPEN,4268,,2,0.0,2025-03-29 09:44:00+00:00,2025-03-29 11:25:00+00:00,,
2025-03-29 00:52:00+00:00,84429.98,OPEN,4267,,2,0.0,2025-03-29 09:44:00+00:00,2025-03-29 11:23:00+00:00,,
2025-03-29 00:53:00+00:00,84443.4,OPEN,4266,,2,0.0,2025-03-29 09:44:00+00:00,2025-03-29 11:23:00+00:00,,
2025-03-29 00:54:00+00:00,84439.28,OPEN,4265,,2,0.0,2025-03-29 09:44:00+00:00,2025-03-29 11:23:00+00:00,,
2025-03-29 00:55:00+00:00,84434.94,OPEN,4264,,2,0.0,2025-03-29 09:44:00+00:00,2025-03-29 11:23:00+00:00,,
2025-03-29 00:56:00+00:00,84400.53,OPEN,4263,,2,0.0,2025-03-29 09:44:00+00:00,2025-03-29 11:25:00+00:00,,
2025-03-29 00:57:00+00:00,84376.01,OPEN,4262,,2,0.0,2025-03-29 09:44:00+00:00,2025-03-29 11:25:00+00:00,,
2025-03-29 00:58:00+00:00,84373.96,OPEN,4261,,2,0.0,2025-03-29 09:44:00+00:00,2025-03-29 11:25:00+00:00,,
2025-03-29 00:59:00+00:00,84396.89,OPEN,4260,,2,0.0,2025-03-29 09:44:00+00:00,2025-03-29 11:25:00+00:00,,
2025-03-29 01:00:00+00:00,84375.98,OPEN,4259,,2,0.0,2025-03-29 09:44:00+00:00,2025-03-29 11:25:00+00:00,,
2025-03-29 01:01:00+00:00,84419.99,OPEN,4258,,2,0.0,2025-03-29 09:44:00+00:00,2025-03-29 11:25:00+00:00,,
2025-03-29 01:02:00+00:00,84435.02,OPEN,4257,,2,0.0,2025-03-29 09:44:00+00:00,2025-03-29 11:23:00+00:00,,
2025-03-29 01:03:00+00:00,84446.57,OPEN,4256,,2,0.0,2025-03-29 09:44:00+00:00,2025-03-29 11:23:00+00:00,,
2025-03-29 01:04:00+00:00,84425.99,OPEN,4255,,2,0.0,2025-03-29 09:44:00+00:00,2025-03-29 11:23:00+00:00,,
2025-03-29 01:07:00+00:00,84427.05,OPEN,4252,,2,0.0,2025-03-29 09:44:00+00:00,2025-03-29 11:23:00+00:00,,
2025-03-29 01:08:00+00:00,84447.83,OPEN,4251,,2,0.0,2025-03-29 09:44:00+00:00,2025-03-29 11:23:00+00:00,,
2025-03-29 01:10:00+00:00,84460.8,OPEN,4249,,2,0.0,2025-03-29 09:44:00+00:00,2025-03-29 11:23:00+00:00,,
2025-03-29 01:15:00+00:00,84428.09,OPEN,4244,,2,0.0,2025-03-29 09:44:00+00:00,2025-03-29 11:23:00+00:00,,
2025-03-29 01:16:00+00:00,84356.47,OPEN,4243,,2,0.0,2025-03-29 09:44:00+00:00,2025-03-29 11:25:00+00:00,,
2025-03-29 01:17:00+00:00,84356.47,OPEN,4242,,2,0.0,2025-03-29 09:44:00+00:00,2025-03-29 11:25:00+00:00,,
2025-03-29 01:18:00+00:00,84305.33,OPEN,4241,,2,0.0,2025-03-29 09:45:00+00:00,2025-03-29 11:31:00+00:00,,
2025-03-29 01:19:00+00:00,84305.34,OPEN,4240,,2,0.0,2025-03-29 09:45:00+00:00,2025-03-29 11:31:00+00:00,,
2025-03-29 01:20:00+00:00,84308.66,OPEN,4239,,2,0.0,2025-03-29 09:45:00+00:00,2025-03-29 11:31:00+00:00,,
2025-03-29 01:21:00+00:00,84270.95,OPEN,4238,,2,0.0,2025-03-29 09:45:00+00:00,2025-03-29 11:31:00+00:00,,
2025-03-29 01:22:00+00:00,84300.0,OPEN,4237,,2,0.0,2025-03-29 09:45:00+00:00,2025-03-29 11:31:00+00:00,,
2025-03-29 01:23:00+00:00,84255.57,OPEN,4236,,2,0.0,2025-03-29 09:45:00+00:00,2025-03-29 11:31:00+00:00,,
2025-03-29 01:24:00+00:00,84271.21,OPEN,4235,,2,0.0,2025-03-29 09:45:00+00:00,2025-03-29 11:31:00+00:00,,
2025-03-29 01:25:00+00:00,84299.98,OPEN,4234,,2,0.0,2025-03-29 09:45:00+00:00,2025-03-29 11:31:00+00:00,,
2025-03-29 01:30:00+00:00,84308.84,OPEN,4229,,2,0.0,2025-03-29 09:45:00+00:00,2025-03-29 11:31:00+00:00,,
2025-03-29 01:31:00+00:00,84334.28,OPEN,4228,,2,0.0,2025-03-29 09:45:00+00:00,2025-03-29 11:31:00+00:00,,
2025-03-29 01:32:00+00:00,84365.44,OPEN,4227,,2,0.0,2025-03-29 09:44:00+00:00,2025-03-29 11:25:00+00:00,,
2025-03-29 01:33:00+00:00,84356.58,OPEN,4226,,2,0.0,2025-03-29 09:44:00+00:00,2025-03-29 11:25:00+00:00,,
2025-03-29 01:34:00+00:00,84344.25,OPEN,4225,,2,0.0,2025-03-29 09:45:00+00:00,2025-03-29 11:25:00+00:00,,
2025-03-29 01:35:00+00:00,84375.48,OPEN,4224,,2,0.0,2025-03-29 09:44:00+00:00,2025-03-29 11:25:00+00:00,,
2025-03-29 01:36:00+00:00,84396.22,OPEN,4223,,2,0.0,2025-03-29 09:44:00+00:00,2025-03-29 11:25:00+00:00,,
2025-03-29 01:37:00+00:00,84406.22,OPEN,4222,,2,0.0,2025-03-29 09:44:00+00:00,2025-03-29 11:25:00+00:00,,
2025-03-29 01:38:00+00:00,84315.65,OPEN,4221,,2,0.0,2025-03-29 09:45:00+00:00,2025-03-29 11:31:00+00:00,,
2025-03-29 01:39:00+00:00,84326.3,OPEN,4220,,2,0.0,2025-03-29 09:45:00+00:00,2025-03-29 11:31:00+00:00,,
2025-03-29 01:40:00+00:00,84291.91,OPEN,4219,,2,0.0,2025-03-29 09:45:00+00:00,2025-03-29 11:31:00+00:00,,
2025-03-29 01:41:00+00:00,84291.99,OPEN,4218,,2,0.0,2025-03-29 09:45:00+00:00,2025-03-29 11:31:00+00:00,,
2025-03-29 01:42:00+00:00,84312.48,OPEN,4217,,2,0.0,2025-03-29 09:45:00+00:00,2025-03-29 11:31:00+00:00,,
2025-03-29 01:43:00+00:00,84285.93,OPEN,4216,,2,0.0,2025-03-29 09:45:00+00:00,2025-03-29 11:31:00+00:00,,
2025-03-29 01:44:00+00:00,84296.48,OPEN,4215,,2,0.0,2025-03-29 09:45:00+00:00,2025-03-29 11:31:00+00:00,,
2025-03-29 01:45:00+00:00,84325.29,OPEN,4214,,2,0.0,2025-03-29 09:45:00+00:00,2025-03-29 11:31:00+00:00,,
2025-03-29 01:46:00+00:00,84333.11,OPEN,4213,,2,0.0,2025-03-29 09:45:00+00:00,2025-03-29 11:31:00+00:00,,
2025-03-29 01:47:00+00:00,84339.86,OPEN,4212,,2,0.0,2025-03-29 09:45:00+00:00,2025-03-29 11:25:00+00:00,,
2025-03-29 01:48:00+00:00,84337.42,OPEN,4211,,2,0.0,2025-03-29 09:45:00+00:00,2025-03-29 11:25:00+00:00,,
2025-03-29 01:49:00+00:00,84308.68,OPEN,4210,,2,0.0,2025-03-29 09:45:00+00:00,2025-03-29 11:31:00+00:00,,
2025-03-29 01:55:00+00:00,84255.08,OPEN,4204,,2,0.0,2025-03-29 09:45:00+00:00,2025-03-29 11:31:00+00:00,,
2025-03-29 01:56:00+00:00,84267.05,OPEN,4203,,2,0.0,2025-03-29 09:45:00+00:00,2025-03-29 11:31:00+00:00,,
2025-03-29 01:57:00+00:00,84301.89,OPEN,4202,,2,0.0,2025-03-29 09:45:00+00:00,2025-03-29 11:31:00+00:00,,
2025-03-29 01:58:00+00:00,84293.45,OPEN,4201,,2,0.0,2025-03-29 09:45:00+00:00,2025-03-29 11:31:00+00:00,,
2025-03-29 01:59:00+00:00,84281.9,OPEN,4200,,2,0.0,2025-03-29 09:45:00+00:00,2025-03-29 11:31:00+00:00,,
2025-03-29 02:00:00+00:00,84369.28,OPEN,4199,,2,0.0,2025-03-29 09:44:00+00:00,2025-03-29 11:25:00+00:00,,
2025-03-29 02:01:00+00:00,84387.69,OPEN,4198,,2,0.0,2025-03-29 09:44:00+00:00,2025-03-29 11:25:00+00:00,,
2025-03-29 02:02:00+00:00,84366.2,OPEN,4197,,2,0.0,2025-03-29 09:44:00+00:00,2025-03-29 11:25:00+00:00,,
2025-03-29 02:03:00+00:00,84345.6,OPEN,4196,,2,0.0,2025-03-29 09:44:00+00:00,2025-03-29 11:25:00+00:00,,
2025-03-29 02:04:00+00:00,84361.97,OPEN,4195,,2,0.0,2025-03-29 09:44:00+00:00,2025-03-29 11:25:00+00:00,,
2025-03-29 02:05:00+00:00,84382.15,OPEN,4194,,2,0.0,2025-03-29 09:44:00+00:00,2025-03-29 11:25:00+00:00,,
2025-03-29 02:06:00+00:00,84366.43,OPEN,4193,,2,0.0,2025-03-29 09:44:00+00:00,2025-03-29 11:25:00+00:00,,
2025-03-29 02:07:00+00:00,84407.16,OPEN,4192,,2,0.0,2025-03-29 09:44:00+00:00,2025-03-29 11:25:00+00:00,,
2025-03-29 02:08:00+00:00,84407.16,OPEN,4191,,2,0.0,2025-03-29 09:44:00+00:00,2025-03-29 11:25:00+00:00,,
2025-03-29 02:09:00+00:00,84423.17,OPEN,4190,,2,0.0,2025-03-29 09:44:00+00:00,2025-03-29 11:25:00+00:00,,
2025-03-29 02:10:00+00:00,84408.76,OPEN,4189,,2,0.0,2025-03-29 09:44:00+00:00,2025-03-29 11:25:00+00:00,,
2025-03-29 02:11:00+00:00,84404.03,OPEN,4188,,2,0.0,2025-03-29 09:44:00+00:00,2025-03-29 11:25:00+00:00,,
2025-03-29 02:12:00+00:00,84371.51,OPEN,4187,,2,0.0,2025-03-29 09:44:00+00:00,2025-03-29 11:25:00+00:00,,
2025-03-29 02:13:00+00:00,84388.44,OPEN,4186,,2,0.0,2025-03-29 09:44:00+00:00,2025-03-29 11:25:00+00:00,,
2025-03-29 02:14:00+00:00,84392.11,OPEN,4185,,2,0.0,2025-03-29 09:44:00+00:00,2025-03-29 11:25:00+00:00,,
2025-03-29 02:15:00+00:00,84382.07,OPEN,4184,,2,0.0,2025-03-29 09:44:00+00:00,2025-03-29 11:25:00+00:00,,
2025-03-29 02:16:00+00:00,84357.17,OPEN,4183,,2,0.0,2025-03-29 09:44:00+00:00,2025-03-29 11:25:00+00:00,,
2025-03-29 02:17:00+00:00,84379.29,OPEN,4182,,2,0.0,2025-03-29 09:44:00+00:00,2025-03-29 11:25:00+00:00,,
2025-03-29 02:18:00+00:00,84332.63,OPEN,4181,,2,0.0,2025-03-29 09:45:00+00:00,2025-03-29 11:31:00+00:00,,
2025-03-29 02:19:00+00:00,84346.73,OPEN,4180,,2,0.0,2025-03-29 09:44:00+00:00,2025-03-29 11:25:00+00:00,,
2025-03-29 02:20:00+00:00,84266.75,OPEN,4179,,2,0.0,2025-03-29 09:45:00+00:00,2025-03-29 11:31:00+00:00,,
2025-03-29 02:36:00+00:00,84284.79,OPEN,4163,,2,0.0,2025-03-29 09:45:00+00:00,2025-03-29 11:31:00+00:00,,
2025-03-29 02:37:00+00:00,84278.0,OPEN,4162,,2,0.0,2025-03-29 09:45:00+00:00,2025-03-29 11:31:00+00:00,,
2025-03-31 14:50:00+00:00,83723.42,OPEN,549,,1,0.0,2025-03-31 17:43:00+00:00,,,
2025-03-31 15:00:00+00:00,83659.37,OPEN,539,,1,0.0,2025-03-31 17:44:00+00:00,,,
2025-03-31 15:01:00+00:00,83705.23,OPEN,538,,1,0.0,2025-03-31 17:44:00+00:00,,,
2025-03-31 15:02:00+00:00,83772.12,OPEN,537,,1,0.0,2025-03-31 17:42:00+00:00,,,
2025-03-31 15:07:00+00:00,83688.03,OPEN,532,,1,0.0,2025-03-31 17:44:00+00:00,,,
2025-03-31 15:20:00+00:00,83663.39,OPEN,519,,1,0.0,2025-03-31 17:44:00+00:00,,,
2025-03-31 15:21:00+00:00,83695.6,OPEN,518,,1,0.0,2025-03-31 17:44:00+00:00,,,
2025-03-31 15:22:00+00:00,83745.22,OPEN,517,,1,0.0,2025-03-31 17:43:00+00:00,,,
2025-03-31 15:23:00+00:00,83716.12,OPEN,516,,1,0.0,2025-03-31 17:43:00+00:00,,,
2025-03-31 15:24:00+00:00,83763.07,OPEN,515,,1,0.0,2025-03-31 17:42:00+00:00,,,
2025-03-31 15:25:00+00:00,83839.99,OPEN,514,,1,0.0,2025-03-31 17:41:00+00:00,,,
2025-03-31 15:26:00+00:00,83835.06,OPEN,513,,1,0.0,2025-03-31 17:41:00+00:00,,,
2025-03-31 15:27:00+00:00,83700.07,OPEN,512,,1,0.0,2025-03-31 17:44:00+00:00,,,
2025-03-31 15:28:00+00:00,83734.0,OPEN,511,,1,0.0,2025-03-31 17:43:00+00:00,,,
2025-03-31 15:29:00+00:00,83635.24,OPEN,510,,1,0.0,2025-03-31 17:45:00+00:00,,,
2025-03-31 15:31:00+00:00,83593.72,OPEN,508,,1,0.0,2025-03-31 17:45:00+00:00,,,
2025-03-31 15:32:00+00:00,83603.13,OPEN,507,,1,0.0,2025-03-31 17:45:00+00:00,,,
2025-03-31 15:33:00+00:00,83743.85,OPEN,506,,1,0.0,2025-03-31 17:43:00+00:00,,,
2025-03-31 15:34:00+00:00,83668.93,OPEN,505,,1,0.0,2025-03-31 17:44:00+00:00,,,
2025-03-31 15:35:00+00:00,83645.06,OPEN,504,,1,0.0,2025-03-31 17:44:00+00:00,,,
2025-03-31 15:40:00+00:00,83600.16,OPEN,499,,1,0.0,2025-03-31 17:45:00+00:00,,,
2025-03-31 15:45:00+00:00,83608.0,OPEN,494,,1,0.0,2025-03-31 17:45:00+00:00,,,
2025-03-31 15:46:00+00:00,83640.01,OPEN,493,,1,0.0,2025-03-31 17:45:00+00:00,,,
2025-03-31 15:47:00+00:00,83674.87,OPEN,492,,1,0.0,2025-03-31 17:44:00+00:00,,,
2025-03-31 15:48:00+00:00,83607.29,OPEN,491,,1,0.0,2025-03-31 17:45:00+00:00,,,
2025-03-31 15:49:00+00:00,83628.57,OPEN,490,,1,0.0,2025-03-31 17:45:00+00:00,,,
2025-03-31 15:51:00+00:00,83622.42,OPEN,488,,1,0.0,2025-03-31 17:45:00+00:00,,,
2025-03-31 15:52:00+00:00,83598.83,OPEN,487,,1,0.0,2025-03-31 17:45:00+00:00,,,
2025-03-31 15:53:00+00:00,83629.59,OPEN,486,,1,0.0,2025-03-31 17:45:00+00:00,,,
2025-03-31 15:54:00+00:00,83595.82,OPEN,485,,1,0.0,2025-03-31 17:45:00+00:00,,,
2025-03-31 16:02:00+00:00,83690.56,OPEN,477,,1,0.0,2025-03-31 17:44:00+00:00,,,
2025-03-31 16:03:00+00:00,83632.43,OPEN,476,,1,0.0,2025-03-31 17:45:00+00:00,,,
2025-03-31 16:04:00+00:00,83641.77,OPEN,475,,1,0.0,2025-03-31 17:45:00+00:00,,,
2025-03-31 16:28:00+00:00,83601.24,OPEN,451,,1,0.0,2025-03-31 17:45:00+00:00,,,
2025-03-31 16:29:00+00:00,83613.88,OPEN,450,,1,0.0,2025-03-31 17:45:00+00:00,,,
2025-03-31 16:36:00+00:00,83420.02,OPEN,443,,1,0.0,2025-03-31 19:51:00+00:00,,,
2025-03-31 16:39:00+00:00,83393.41,OPEN,440,,1,0.0,2025-03-31 19:51:00+00:00,,,
2025-03-31 16:42:00+00:00,83398.02,OPEN,437,,1,0.0,2025-03-31 19:51:00+00:00,,,
2025-03-31 16:43:00+00:00,83388.64,OPEN,436,,1,0.0,2025-03-31 19:51:00+00:00,,,
2025-03-31 16:44:00+00:00,83376.16,OPEN,435,,1,0.0,2025-03-31 19:51:00+00:00,,,
2025-03-31 16:45:00+00:00,83403.0,OPEN,434,,1,0.0,2025-03-31 19:51:00+00:00,,,
2025-03-31 16:51:00+00:00,83404.34,OPEN,428,,1,0.0,2025-03-31 19:51:00+00:00,,,
2025-03-31 16:52:00+00:00,83399.7,OPEN,427,,1,0.0,2025-03-31 19:51:00+00:00,,,
2025-03-31 16:53:00+00:00,83397.81,OPEN,426,,1,0.0,2025-03-31 19:51:00+00:00,,,
2025-03-31 16:56:00+00:00,83352.75,OPEN,423,,1,0.0,2025-03-31 19:51:00+00:00,,,
2025-03-31 17:03:00+00:00,83384.52,OPEN,416,,1,0.0,2025-03-31 19:51:00+00:00,,,
2025-03-31 17:04:00+00:00,83399.99,OPEN,415,,1,0.0,2025-03-31 19:51:00+00:00,,,
2025-03-31 17:11:00+00:00,83411.28,OPEN,408,,1,0.0,2025-03-31 19:51:00+00:00,,,
2025-03-31 17:15:00+00:00,83392.46,OPEN,404,,1,0.0,2025-03-31 19:51:00+00:00,,,
2025-03-31 17:30:00+00:00,83350.48,OPEN,389,,1,0.0,2025-03-31 19:51:00+00:00,,,
2025-03-31 17:31:00+00:00,83387.11,OPEN,388,,1,0.0,2025-03-31 19:51:00+00:00,,,
2025-03-31 17:32:00+00:00,83377.27,OPEN,387,,1,0.0,2025-03-31 19:51:00+00:00,,,
2025-03-31 18:29:00+00:00,83350.0,OPEN,330,,1,0.0,2025-03-31 19:51:00+00:00,,,
2025-03-31 18:30:00+00:00,83407.93,OPEN,329,,1,0.0,2025-03-31 19:51:00+00:00,,,
2025-03-31 18:31:00+00:00,83469.97,OPEN,328,,1,0.0,2025-03-31 19:49:00+00:00,,,
2025-03-31 18:32:00+00:00,83376.5,OPEN,327,,1,0.0,2025-03-31 19:51:00+00:00,,,
2025-03-31 18:33:00+00:00,83369.5,OPEN,326,,1,0.0,2025-03-31 19:51:00+00:00,,,
2025-03-31 18:34:00+00:00,83373.38,OPEN,325,,1,0.0,2025-03-31 19:51:00+00:00,,,
2025-03-31 18:35:00+00:00,83439.88,OPEN,324,,1,0.0,2025-03-31 19:51:00+00:00,,,
2025-03-31 18:36:00+00:00,83476.52,OPEN,323,,1,0.0,2025-03-31 19:49:00+00:00,,,
2025-03-31 18:37:00+00:00,83499.99,OPEN,322,,1,0.0,2025-03-31 19:47:00+00:00,,,
2025-03-31 18:38:00+00:00,83466.58,OPEN,321,,1,0.0,2025-03-31 19:51:00+00:00,,,
2025-03-31 18:39:00+00:00,83461.6,OPEN,320,,1,0.0,2025-03-31 19:51:00+00:00,,,
2025-03-31 18:40:00+00:00,83483.99,OPEN,319,,1,0.0,2025-03-31 19:49:00+00:00,,,
2025-03-31 18:41:00+00:00,83530.5,OPEN,318,,1,0.0,2025-03-31 19:46:00+00:00,,,
2025-03-31 18:42:00+00:00,83517.91,OPEN,317,,1,0.0,2025-03-31 19:47:00+00:00,,,
2025-03-31 18:43:00+00:00,83555.19,OPEN,316,,1,0.0,2025-03-31 19:46:00+00:00,,,
2025-03-31 18:44:00+00:00,83416.66,OPEN,315,,1,0.0,2025-03-31 19:51:00+00:00,,,
2025-03-31 18:46:00+00:00,83358.49,OPEN,313,,1,0.0,2025-03-31 19:51:00+00:00,,,
2025-03-31 18:47:00+00:00,83348.1,OPEN,312,,1,0.0,2025-03-31 19:51:00+00:00,,,
2025-03-31 18:48:00+00:00,83363.44,OPEN,311,,1,0.0,2025-03-31 19:51:00+00:00,,,
2025-03-31 18:49:00+00:00,83470.0,OPEN,310,,1,0.0,2025-03-31 19:49:00+00:00,,,
2025-03-31 18:50:00+00:00,83502.79,OPEN,309,,1,0.0,2025-03-31 19:47:00+00:00,,,
2025-03-31 18:51:00+00:00,83469.82,OPEN,308,,1,0.0,2025-03-31 19:49:00+00:00,,,
2025-03-31 18:52:00+00:00,83438.56,OPEN,307,,1,0.0,2025-03-31 19:51:00+00:00,,,
2025-03-31 18:53:00+00:00,83521.85,OPEN,306,,1,0.0,2025-03-31 19:46:00+00:00,,,
2025-03-31 18:54:00+00:00,83490.16,OPEN,305,,1,0.0,2025-03-31 19:49:00+00:00,,,
2025-03-31 18:55:00+00:00,83446.52,OPEN,304,,1,0.0,2025-03-31 19:51:00+00:00,,,
2025-03-31 18:56:00+00:00,83410.13,OPEN,303,,1,0.0,2025-03-31 19:51:00+00:00,,,
2025-03-31 18:57:00+00:00,83369.89,OPEN,302,,1,0.0,2025-03-31 19:51:00+00:00,,,
2025-03-31 18:58:00+00:00,83364.81,OPEN,301,,1,0.0,2025-03-31 19:51:00+00:00,,,
2025-03-31 18:59:00+00:00,83291.42,OPEN,300,,1,0.0,2025-03-31 19:52:00+00:00,,,
2025-03-31 19:00:00+00:00,83316.25,OPEN,299,,1,0.0,2025-03-31 19:52:00+00:00,,,
2025-03-31 19:01:00+00:00,83338.93,OPEN,298,,1,0.0,2025-03-31 19:52:00+00:00,,,
2025-03-31 19:02:00+00:00,83305.79,OPEN,297,,1,0.0,2025-03-31 19:52:00+00:00,,,
2025-03-31 19:03:00+00:00,83320.12,OPEN,296,,1,0.0,2025-03-31 19:52:00+00:00,,,
2025-03-31 19:04:00+00:00,83291.24,OPEN,295,,1,0.0,2025-03-31 19:52:00+00:00,,,
2025-03-31 19:05:00+00:00,83328.83,OPEN,294,,1,0.0,2025-03-31 19:52:00+00:00,,,
2025-03-31 19:06:00+00:00,83418.33,OPEN,293,,1,0.0,2025-03-31 19:51:00+00:00,,,
2025-03-31 19:07:00+00:00,83303.67,OPEN,292,,1,0.0,2025-03-31 19:52:00+00:00,,,
2025-03-31 19:08:00+00:00,83296.48,OPEN,291,,1,0.0,2025-03-31 19:52:00+00:00,,,
2025-03-31 19:09:00+00:00,83315.83,OPEN,290,,1,0.0,2025-03-31 19:52:00+00:00,,,
2025-03-31 19:10:00+00:00,83405.16,OPEN,289,,1,0.0,2025-03-31 19:51:00+00:00,,,
2025-03-31 19:11:00+00:00,83395.7,OPEN,288,,1,0.0,2025-03-31 19:51:00+00:00,,,
2025-03-31 19:12:00+00:00,83427.62,OPEN,287,,1,0.0,2025-03-31 19:51:00+00:00,,,
2025-03-31 19:13:00+00:00,83390.92,OPEN,286,,1,0.0,2025-03-31 19:51:00+00:00,,,
2025-03-31 19:14:00+00:00,83367.94,OPEN,285,,1,0.0,2025-03-31 19:51:00+00:00,,,
2025-03-31 19:15:00+00:00,83329.99,OPEN,284,,1,0.0,2025-03-31 19:52:00+00:00,,,
2025-03-31 19:16:00+00:00,83304.02,OPEN,283,,1,0.0,2025-03-31 19:52:00+00:00,,,
2025-03-31 19:17:00+00:00,83236.28,OPEN,282,,1,0.0,2025-03-31 20:06:00+00:00,,,
2025-03-31 19:18:00+00:00,83237.75,OPEN,281,,1,0.0,2025-03-31 20:06:00+00:00,,,
2025-03-31 19:19:00+00:00,83246.18,OPEN,280,,1,0.0,2025-03-31 19:52:00+00:00,,,
2025-03-31 19:20:00+00:00,83257.36,OPEN,279,,1,0.0,2025-03-31 19:52:00+00:00,,,
2025-03-31 19:21:00+00:00,83205.82,OPEN,278,,1,0.0,2025-03-31 22:15:00+00:00,,,
2025-03-31 19:22:00+00:00,83222.78,OPEN,277,,1,0.0,2025-03-31 20:06:00+00:00,,,
2025-03-31 19:23:00+00:00,83225.67,OPEN,276,,1,0.0,2025-03-31 20:06:00+00:00,,,
2025-03-31 19:24:00+00:00,83178.24,OPEN,275,,1,0.0,2025-03-31 22:15:00+00:00,,,
2025-03-31 19:25:00+00:00,83093.07,OPEN,274,,0,0.0,,,,
2025-03-31 19:26:00+00:00,82993.82,OPEN,273,,0,0.0,,,,
2025-03-31 19:27:00+00:00,83039.56,OPEN,272,,0,0.0,,,,
2025-03-31 19:28:00+00:00,82946.89,OPEN,271,,0,0.0,,,,
2025-03-31 19:29:00+00:00,82937.86,OPEN,270,,0,0.0,,,,
2025-03-31 19:30:00+00:00,82918.36,OPEN,269,,0,0.0,,,,
2025-03-31 19:31:00+00:00,82910.25,OPEN,268,,0,0.0,,,,
2025-03-31 19:32:00+00:00,82942.45,OPEN,267,,0,0.0,,,,
2025-03-31 19:33:00+00:00,83025.31,OPEN,266,,0,0.0,,,,
2025-03-31 19:34:00+00:00,83017.86,OPEN,265,,0,0.0,,,,
2025-03-31 19:35:00+00:00,82945.42,OPEN,264,,0,0.0,,,,
2025-03-31 19:36:00+00:00,82850.36,OPEN,263,,0,0.0,,,,
2025-03-31 19:37:00+00:00,82856.25,OPEN,262,,0,0.0,,,,
2025-03-31 19:38:00+00:00,82832.36,OPEN,261,,0,0.0,,,,
2025-03-31 19:39:00+00:00,82812.43,OPEN,260,,0,0.0,,,,
2025-03-31 19:40:00+00:00,82806.52,OPEN,259,,0,0.0,,,,
2025-03-31 19:41:00+00:00,82854.26,OPEN,258,,0,0.0,,,,
2025-03-31 19:42:00+00:00,82896.35,OPEN,257,,0,0.0,,,,
2025-03-31 19:43:00+00:00,82873.27,OPEN,256,,0,0.0,,,,
2025-03-31 19:44:00+00:00,82806.11,OPEN,255,,0,0.0,,,,
2025-03-31 19:45:00+00:00,82773.5,OPEN,254,,0,0.0,,,,
2025-03-31 19:46:00+00:00,82686.24,OPEN,253,,0,0.0,,,,
2025-03-31 19:47:00+00:00,82656.01,OPEN,252,,0,0.0,,,,
2025-03-31 19:48:00+00:00,82655.95,OPEN,251,,0,0.0,,,,
2025-03-31 19:49:00+00:00,82631.95,OPEN,250,,0,0.0,,,,
2025-03-31 19:50:00+00:00,82644.0,OPEN,249,,0,0.0,,,,
2025-03-31 19:54:00+00:00,82649.99,OPEN,245,,0,0.0,,,,
2025-03-31 19:55:00+00:00,82606.79,OPEN,244,,0,0.0,,,,
2025-03-31 20:08:00+00:00,82589.83,OPEN,231,,0,0.0,,,,
2025-03-31 20:09:00+00:00,82693.48,OPEN,230,,0,0.0,,,,
2025-03-31 20:11:00+00:00,82616.56,OPEN,228,,0,0.0,,,,
2025-03-31 20:13:00+00:00,82591.34,OPEN,226,,0,0.0,,,,
2025-03-31 20:14:00+00:00,82591.0,OPEN,225,,0,0.0,,,,
2025-03-31 20:17:00+00:00,82609.83,OPEN,222,,0,0.0,,,,
2025-03-31 20:18:00+00:00,82679.99,OPEN,221,,0,0.0,,,,
2025-03-31 20:19:00+00:00,82660.57,OPEN,220,,0,0.0,,,,
2025-03-31 20:20:00+00:00,82695.17,OPEN,219,,0,0.0,,,,
2025-03-31 20:21:00+00:00,82742.53,OPEN,218,,0,0.0,,,,
2025-03-31 20:22:00+00:00,82734.82,OPEN,217,,0,0.0,,,,
2025-03-31 20:23:00+00:00,82734.06,OPEN,216,,0,0.0,,,,
2025-03-31 20:24:00+00:00,82792.35,OPEN,215,,0,0.0,,,,
2025-03-31 20:25:00+00:00,82731.71,OPEN,214,,0,0.0,,,,
2025-03-31 20:26:00+00:00,82730.0,OPEN,213,,0,0.0,,,,
2025-03-31 20:27:00+00:00,82731.47,OPEN,212,,0,0.0,,,,
2025-03-31 20:28:00+00:00,82745.52,OPEN,211,,0,0.0,,,,
2025-03-31 20:29:00+00:00,82773.69,OPEN,210,,0,0.0,,,,
2025-03-31 20:30:00+00:00,82778.47,OPEN,209,,0,0.0,,,,
2025-03-31 20:31:00+00:00,82708.7,OPEN,208,,0,0.0,,,,
2025-03-31 20:32:00+00:00,82733.01,OPEN,207,,0,0.0,,,,
2025-03-31 20:33:00+00:00,82725.96,OPEN,206,,0,0.0,,,,
2025-03-31 20:34:00+00:00,82763.99,OPEN,205,,0,0.0,,,,
2025-03-31 20:35:00+00:00,82765.47,OPEN,204,,0,0.0,,,,
2025-03-31 20:36:00+00:00,82725.96,OPEN,203,,0,0.0,,,,
2025-03-31 20:37:00+00:00,82695.23,OPEN,202,,0,0.0,,,,
2025-03-31 20:38:00+00:00,82745.11,OPEN,201,,0,0.0,,,,
2025-03-31 20:39:00+00:00,82767.92,OPEN,200,,0,0.0,,,,
2025-03-31 20:40:00+00:00,82678.21,OPEN,199,,0,0.0,,,,
2025-03-31 20:41:00+00:00,82710.01,OPEN,198,,0,0.0,,,,
2025-03-31 20:42:00+00:00,82700.25,OPEN,197,,0,0.0,,,,
2025-03-31 20:43:00+00:00,82708.69,OPEN,196,,0,0.0,,,,
2025-03-31 20:44:00+00:00,82745.69,OPEN,195,,0,0.0,,,,
2025-03-31 20:45:00+00:00,82713.41,OPEN,194,,0,0.0,,,,
2025-03-31 20:46:00+00:00,82748.6,OPEN,193,,0,0.0,,,,
2025-03-31 20:47:00+00:00,82734.18,OPEN,192,,0,0.0,,,,
2025-03-31 20:48:00+00:00,82716.42,OPEN,191,,0,0.0,,,,
2025-03-31 20:49:00+00:00,82696.15,OPEN,190,,0,0.0,,,,
2025-03-31 20:50:00+00:00,82534.78,OPEN,189,,0,0.0,,,,
2025-03-31 20:51:00+00:00,82509.84,OPEN,188,,0,0.0,,,,
2025-03-31 21:01:00+00:00,82544.53,OPEN,178,,0,0.0,,,,
2025-03-31 21:02:00+00:00,82512.52,OPEN,177,,0,0.0,,,,
2025-03-31 21:04:00+00:00,82503.2,OPEN,175,,0,0.0,,,,
2025-03-31 21:06:00+00:00,82507.15,OPEN,173,,0,0.0,,,,
2025-03-31 21:07:00+00:00,82501.58,OPEN,172,,0,0.0,,,,
2025-03-31 21:08:00+00:00,82530.21,OPEN,171,,0,0.0,,,,
2025-03-31 21:09:00+00:00,82524.0,OPEN,170,,0,0.0,,,,
2025-03-31 21:10:00+00:00,82550.0,OPEN,169,,0,0.0,,,,
2025-03-31 21:11:00+00:00,82556.61,OPEN,168,,0,0.0,,,,
2025-03-31 21:12:00+00:00,82559.99,OPEN,167,,0,0.0,,,,
2025-03-31 21:13:00+00:00,82543.49,OPEN,166,,0,0.0,,,,
2025-03-31 21:14:00+00:00,82556.33,OPEN,165,,0,0.0,,,,
2025-03-31 21:15:00+00:00,82527.98,OPEN,164,,0,0.0,,,,
2025-03-31 21:16:00+00:00,82531.23,OPEN,163,,0,0.0,,,,
2025-03-31 21:17:00+00:00,82518.25,OPEN,162,,0,0.0,,,,
2025-03-31 21:18:00+00:00,82516.89,OPEN,161,,0,0.0,,,,
2025-03-31 21:19:00+00:00,82546.84,OPEN,160,,0,0.0,,,,
2025-03-31 21:20:00+00:00,82522.76,OPEN,159,,0,0.0,,,,
2025-03-31 21:21:00+00:00,82563.09,OPEN,158,,0,0.0,,,,
2025-03-31 21:22:00+00:00,82563.1,OPEN,157,,0,0.0,,,,
2025-03-31 21:23:00+00:00,82678.28,OPEN,156,,0,0.0,,,,
2025-03-31 21:24:00+00:00,82675.38,OPEN,155,,0,0.0,,,,
2025-03-31 21:25:00+00:00,82701.11,OPEN,154,,0,0.0,,,,
2025-03-31 21:26:00+00:00,82685.49,OPEN,153,,0,0.0,,,,
2025-03-31 21:27:00+00:00,82646.67,OPEN,152,,0,0.0,,,,
2025-03-31 21:28:00+00:00,82564.2,OPEN,151,,0,0.0,,,,
2025-03-31 21:29:00+00:00,82576.62,OPEN,150,,0,0.0,,,,
2025-03-31 21:30:00+00:00,82593.39,OPEN,149,,0,0.0,,,,
2025-03-31 21:31:00+00:00,82606.97,OPEN,148,,0,0.0,,,,
2025-03-31 21:32:00+00:00,82586.78,OPEN,147,,0,0.0,,,,
2025-03-31 21:33:00+00:00,82601.88,OPEN,146,,0,0.0,,,,
2025-03-31 21:34:00+00:00,82609.18,OPEN,145,,0,0.0,,,,
2025-03-31 21:35:00+00:00,82620.26,OPEN,144,,0,0.0,,,,
2025-03-31 21:36:00+00:00,82663.0,OPEN,143,,0,0.0,,,,
2025-03-31 21:37:00+00:00,82654.04,OPEN,142,,0,0.0,,,,
2025-03-31 21:38:00+00:00,82654.04,OPEN,141,,0,0.0,,,,
2025-03-31 21:39:00+00:00,82664.68,OPEN,140,,0,0.0,,,,
2025-03-31 21:40:00+00:00,82661.34,OPEN,139,,0,0.0,,,,
2025-03-31 21:41:00+00:00,82665.2,OPEN,138,,0,0.0,,,,
2025-03-31 21:42:00+00:00,82665.21,OPEN,137,,0,0.0,,,,
2025-03-31 21:43:00+00:00,82698.6,OPEN,136,,0,0.0,,,,
2025-03-31 21:44:00+00:00,82618.0,OPEN,135,,0,0.0,,,,
2025-03-31 21:45:00+00:00,82575.0,OPEN,134,,0,0.0,,,,
2025-03-31 21:46:00+00:00,82500.01,OPEN,133,,0,0.0,,,,
2025-03-31 21:47:00+00:00,82531.63,OPEN,132,,0,0.0,,,,
2025-03-31 21:48:00+00:00,82531.61,OPEN,131,,0,0.0,,,,
2025-03-31 21:49:00+00:00,82591.95,OPEN,130,,0,0.0,,,,
2025-03-31 21:50:00+00:00,82561.63,OPEN,129,,0,0.0,,,,
2025-03-31 21:51:00+00:00,82598.56,OPEN,128,,0,0.0,,,,
2025-03-31 21:52:00+00:00,82642.0,OPEN,127,,0,0.0,,,,
2025-03-31 21:53:00+00:00,82685.37,OPEN,126,,0,0.0,,,,
2025-03-31 21:54:00+00:00,82666.98,OPEN,125,,0,0.0,,,,
2025-03-31 21:55:00+00:00,82641.49,OPEN,124,,0,0.0,,,,
2025-03-31 21:56:00+00:00,82653.78,OPEN,123,,0,0.0,,,,
2025-03-31 21:57:00+00:00,82626.88,OPEN,122,,0,0.0,,,,
2025-03-31 21:58:00+00:00,82577.9,OPEN,121,,0,0.0,,,,
2025-03-31 21:59:00+00:00,82563.99,OPEN,120,,0,0.0,,,,
2025-03-31 22:00:00+00:00,82553.0,OPEN,119,,0,0.0,,,,
2025-03-31 22:02:00+00:00,82497.81,OPEN,117,,0,0.0,,,,
2025-03-31 22:03:00+00:00,82501.23,OPEN,116,,0,0.0,,,,
2025-03-31 22:06:00+00:00,82468.95,OPEN,113,,0,0.0,,,,
2025-03-31 22:07:00+00:00,82496.49,OPEN,112,,0,0.0,,,,
2025-03-31 22:08:00+00:00,82499.78,OPEN,111,,0,0.0,,,,
2025-03-31 22:10:00+00:00,82481.56,OPEN,109,,0,0.0,,,,
2025-03-31 23:01:00+00:00,82477.73,OPEN,58,,0,0.0,,,,
2025-03-31 23:02:00+00:00,82471.97,OPEN,57,,0,0.0,,,,
2025-03-31 23:04:00+00:00,82519.36,OPEN,55,,0,0.0,,,,
2025-03-31 23:05:00+00:00,82556.61,OPEN,54,,0,0.0,,,,
2025-03-31 23:06:00+00:00,82579.99,OPEN,53,,0,0.0,,,,
2025-03-31 23:07:00+00:00,82581.31,OPEN,52,,0,0.0,,,,
2025-03-31 23:08:00+00:00,82554.65,OPEN,51,,0,0.0,,,,
2025-03-31 23:09:00+00:00,82558.03,OPEN,50,,0,0.0,,,,
2025-03-31 23:10:00+00:00,82560.01,OPEN,49,,0,0.0,,,,
2025-03-31 23:11:00+00:00,82601.95,OPEN,48,,0,0.0,,,,
2025-03-31 23:12:00+00:00,82560.83,OPEN,47,,0,0.0,,,,
2025-03-31 23:13:00+00:00,82548.0,OPEN,46,,0,0.0,,,,
2025-03-31 23:14:00+00:00,82560.64,OPEN,45,,0,0.0,,,,
2025-03-31 23:15:00+00:00,82675.09,OPEN,44,,0,0.0,,,,
2025-03-31 23:16:00+00:00,82586.2,OPEN,43,,0,0.0,,,,
2025-03-31 23:17:00+00:00,82542.01,OPEN,42,,0,0.0,,,,
2025-03-31 23:18:00+00:00,82561.45,OPEN,41,,0,0.0,,,,
2025-03-31 23:19:00+00:00,82525.21,OPEN,40,,0,0.0,,,,
2025-03-31 23:20:00+00:00,82472.0,OPEN,39,,0,0.0,,,,
2025-03-31 23:21:00+00:00,82513.1,OPEN,38,,0,0.0,,,,
2025-03-31 23:22:00+00:00,82459.57,OPEN,37,,0,0.0,,,,
2025-03-31 23:23:00+00:00,82420.18,OPEN,36,,0,0.0,,,,
2025-03-31 23:24:00+00:00,82426.06,OPEN,35,,0,0.0,,,,
2025-03-31 23:33:00+00:00,82416.46,OPEN,26,,0,0.0,,,,
2025-03-31 23:34:00+00:00,82427.48,OPEN,25,,0,0.0,,,,
2025-03-31 23:35:00+00:00,82476.57,OPEN,24,,0,0.0,,,,
2025-03-31 23:36:00+00:00,82522.67,OPEN,23,,0,0.0,,,,
2025-03-31 23:37:00+00:00,82510.52,OPEN,22,,0,0.0,,,,
2025-03-31 23:38:00+00:00,82468.28,OPEN,21,,0,0.0,,,,
2025-03-31 23:39:00+00:00,82475.7,OPEN,20,,0,0.0,,,,
2025-03-31 23:40:00+00:00,82492.22,OPEN,19,,0,0.0,,,,
2025-03-31 23:41:00+00:00,82475.51,OPEN,18,,0,0.0,,,,
2025-03-31 23:42:00+00:00,82486.03,OPEN,17,,0,0.0,,,,
2025-03-31 23:43:00+00:00,82491.3,OPEN,16,,0,0.0,,,,
2025-03-31 23:44:00+00:00,82472.54,OPEN,15,,0,0.0,,,,
2025-03-31 23:45:00+00:00,82443.25,OPEN,14,,0,0.0,,,,
2025-03-31 23:46:00+00:00,82470.75,OPEN,13,,0,0.0,,,,
2025-03-31 23:47:00+00:00,82411.13,OPEN,12,,0,0.0,,,,
2025-03-31 23:48:00+00:00,82397.17,OPEN,11,,0,0.0,,,,
2025-03-31 23:49:00+00:00,82410.45,OPEN,10,,0,0.0,,,,
2025-03-31 23:50:00+00:00,82440.37,OPEN,9,,0,0.0,,,,
2025-03-31 23:51:00+00:00,82441.75,OPEN,8,,0,0.0,,,,
2025-03-31 23:52:00+00:00,82491.3,OPEN,7,,0,0.0,,,,
2025-03-31 23:53:00+00:00,82525.74,OPEN,6,,0,0.0,,,,
2025-03-31 23:54:00+00:00,82548.0,OPEN,5,,0,0.0,,,,
2025-03-31 23:55:00+00:00,82534.79,OPEN,4,,0,0.0,,,,
2025-03-31 23:56:00+00:00,82558.88,OPEN,3,,0,0.0,,,,
2025-03-31 23:57:00+00:00,82566.42,OPEN,2,,0,0.0,,,,
2025-03-31 23:58:00+00:00,82580.09,OPEN,1,,0,0.0,,,,
2025-03-31 23:59:00+00:00,82550.01,OPEN,0,,0,0.0,,,,
