Entry_Time,Entry_Price,Result,Hold_Min,Exit_Time
2025-03-02 15:46:00+00:00,87638.02,TP,17,2025-03-02 16:03:00+00:00
2025-03-02 15:49:00+00:00,87032.73,TP,2,2025-03-02 15:51:00+00:00
2025-03-02 17:51:00+00:00,93918.03,TP,9,2025-03-02 18:00:00+00:00
2025-03-03 14:39:00+00:00,91651.52,TP,2,2025-03-03 14:41:00+00:00
2025-03-03 14:43:00+00:00,90995.24,TP,1,2025-03-03 14:44:00+00:00
2025-03-03 14:45:00+00:00,91186.47,TP,1,2025-03-03 14:46:00+00:00
2025-03-03 14:50:00+00:00,90897.76,TP,33,2025-03-03 15:23:00+00:00
2025-03-03 14:52:00+00:00,90383.4,TP,29,2025-03-03 15:21:00+00:00
2025-03-03 14:53:00+00:00,90233.44,TP,20,2025-03-03 15:13:00+00:00
2025-03-03 14:54:00+00:00,90183.0,TP,19,2025-03-03 15:13:00+00:00
2025-03-03 14:55:00+00:00,90129.58,TP,17,2025-03-03 15:12:00+00:00
2025-03-03 14:56:00+00:00,89696.25,TP,7,2025-03-03 15:03:00+00:00
2025-03-03 14:57:00+00:00,89422.09,TP,1,2025-03-03 14:58:00+00:00
2025-03-03 14:58:00+00:00,89717.38,TP,5,2025-03-03 15:03:00+00:00
2025-03-03 14:59:00+00:00,89278.88,TP,1,2025-03-03 15:00:00+00:00
2025-03-03 15:00:00+00:00,89620.01,TP,1,2025-03-03 15:01:00+00:00
2025-03-03 15:01:00+00:00,89865.87,TP,3,2025-03-03 15:04:00+00:00
2025-03-03 15:02:00+00:00,89780.01,TP,1,2025-03-03 15:03:00+00:00
2025-03-03 15:03:00+00:00,90051.05,TP,9,2025-03-03 15:12:00+00:00
2025-03-03 15:04:00+00:00,90251.34,TP,9,2025-03-03 15:13:00+00:00
2025-03-03 15:05:00+00:00,89676.79,TP,5,2025-03-03 15:10:00+00:00
2025-03-03 15:06:00+00:00,89723.94,TP,4,2025-03-03 15:10:00+00:00
2025-03-03 15:07:00+00:00,89792.46,TP,3,2025-03-03 15:10:00+00:00
2025-03-03 15:08:00+00:00,89774.59,TP,2,2025-03-03 15:10:00+00:00
2025-03-03 15:09:00+00:00,89790.55,TP,1,2025-03-03 15:10:00+00:00
2025-03-03 15:10:00+00:00,90082.51,TP,2,2025-03-03 15:12:00+00:00
2025-03-03 15:11:00+00:00,90130.02,TP,1,2025-03-03 15:12:00+00:00
2025-03-03 15:12:00+00:00,90368.53,TP,9,2025-03-03 15:21:00+00:00
2025-03-03 15:13:00+00:00,90578.0,TP,9,2025-03-03 15:22:00+00:00
2025-03-03 15:14:00+00:00,90436.46,TP,7,2025-03-03 15:21:00+00:00
2025-03-03 15:15:00+00:00,89988.9,TP,5,2025-03-03 15:20:00+00:00
2025-03-03 15:16:00+00:00,90025.99,TP,4,2025-03-03 15:20:00+00:00
2025-03-03 15:17:00+00:00,90046.02,TP,3,2025-03-03 15:20:00+00:00
2025-03-03 15:18:00+00:00,90026.01,TP,2,2025-03-03 15:20:00+00:00
2025-03-03 15:19:00+00:00,90069.04,TP,1,2025-03-03 15:20:00+00:00
2025-03-03 15:20:00+00:00,90335.34,TP,1,2025-03-03 15:21:00+00:00
2025-03-03 15:21:00+00:00,90786.01,TP,2,2025-03-03 15:23:00+00:00
2025-03-03 15:32:00+00:00,90613.99,TP,129,2025-03-03 17:41:00+00:00
2025-03-03 15:33:00+00:00,90454.61,TP,7,2025-03-03 15:40:00+00:00
2025-03-03 18:28:00+00:00,87632.0,TP,2,2025-03-03 18:30:00+00:00
2025-03-03 18:29:00+00:00,87766.09,TP,2,2025-03-03 18:31:00+00:00
2025-03-03 18:32:00+00:00,87312.0,TP,1,2025-03-03 18:33:00+00:00
2025-03-03 18:34:00+00:00,87619.47,TP,1,2025-03-03 18:35:00+00:00
2025-03-03 18:37:00+00:00,87548.16,TP,11,2025-03-03 18:48:00+00:00
2025-03-03 18:38:00+00:00,87233.96,TP,2,2025-03-03 18:40:00+00:00
2025-03-03 18:39:00+00:00,86975.77,TP,1,2025-03-03 18:40:00+00:00
2025-03-03 18:40:00+00:00,87547.98,TP,8,2025-03-03 18:48:00+00:00
2025-03-03 18:41:00+00:00,87318.06,TP,1,2025-03-03 18:42:00+00:00
2025-03-03 18:42:00+00:00,87590.01,TP,6,2025-03-03 18:48:00+00:00
2025-03-03 18:43:00+00:00,87479.99,TP,5,2025-03-03 18:48:00+00:00
2025-03-03 18:44:00+00:00,87304.0,TP,1,2025-03-03 18:45:00+00:00
2025-03-03 18:46:00+00:00,87296.1,TP,2,2025-03-03 18:48:00+00:00
2025-03-03 18:47:00+00:00,86888.57,TP,1,2025-03-03 18:48:00+00:00
2025-03-03 18:49:00+00:00,87340.0,TP,1,2025-03-03 18:50:00+00:00
2025-03-03 18:55:00+00:00,87275.89,TP,7,2025-03-03 19:02:00+00:00
2025-03-03 18:56:00+00:00,86866.54,TP,1,2025-03-03 18:57:00+00:00
2025-03-03 18:57:00+00:00,87181.57,TP,3,2025-03-03 19:00:00+00:00
2025-03-03 18:58:00+00:00,87275.23,TP,4,2025-03-03 19:02:00+00:00
2025-03-03 18:59:00+00:00,87132.8,TP,1,2025-03-03 19:00:00+00:00
2025-03-03 19:05:00+00:00,87207.72,TP,3,2025-03-03 19:08:00+00:00
2025-03-03 19:07:00+00:00,87259.11,TP,1,2025-03-03 19:08:00+00:00
2025-03-03 19:13:00+00:00,86969.99,TP,18,2025-03-03 19:31:00+00:00
2025-03-03 19:14:00+00:00,87078.23,TP,17,2025-03-03 19:31:00+00:00
2025-03-03 19:15:00+00:00,86769.53,TP,6,2025-03-03 19:21:00+00:00
2025-03-03 19:16:00+00:00,86853.61,TP,14,2025-03-03 19:30:00+00:00
2025-03-03 19:17:00+00:00,86800.0,TP,4,2025-03-03 19:21:00+00:00
2025-03-03 19:18:00+00:00,86718.01,TP,3,2025-03-03 19:21:00+00:00
2025-03-03 19:19:00+00:00,86658.0,TP,2,2025-03-03 19:21:00+00:00
2025-03-03 19:20:00+00:00,86833.63,TP,10,2025-03-03 19:30:00+00:00
2025-03-03 19:21:00+00:00,87050.0,TP,10,2025-03-03 19:31:00+00:00
2025-03-03 19:22:00+00:00,86824.0,TP,1,2025-03-03 19:23:00+00:00
2025-03-03 19:23:00+00:00,87046.0,TP,8,2025-03-03 19:31:00+00:00
2025-03-03 19:24:00+00:00,87037.21,TP,7,2025-03-03 19:31:00+00:00
2025-03-03 19:25:00+00:00,87002.0,TP,6,2025-03-03 19:31:00+00:00
2025-03-03 19:26:00+00:00,86800.0,TP,3,2025-03-03 19:29:00+00:00
2025-03-03 19:27:00+00:00,86925.91,TP,4,2025-03-03 19:31:00+00:00
2025-03-03 19:28:00+00:00,87000.02,TP,3,2025-03-03 19:31:00+00:00
2025-03-03 19:29:00+00:00,87032.75,TP,2,2025-03-03 19:31:00+00:00
2025-03-03 19:30:00+00:00,87097.21,TP,1,2025-03-03 19:31:00+00:00
2025-03-03 19:35:00+00:00,86996.22,TP,5,2025-03-03 19:40:00+00:00
2025-03-03 19:36:00+00:00,86840.0,TP,3,2025-03-03 19:39:00+00:00
2025-03-03 19:37:00+00:00,86868.33,TP,2,2025-03-03 19:39:00+00:00
2025-03-03 19:38:00+00:00,86978.01,TP,2,2025-03-03 19:40:00+00:00
2025-03-03 19:45:00+00:00,86726.81,TP,3,2025-03-03 19:48:00+00:00
2025-03-03 19:51:00+00:00,86619.0,TP,183,2025-03-03 22:54:00+00:00
2025-03-03 19:52:00+00:00,86252.0,TP,83,2025-03-03 21:15:00+00:00
2025-03-03 19:53:00+00:00,86216.04,TP,82,2025-03-03 21:15:00+00:00
2025-03-03 19:54:00+00:00,85934.05,TP,24,2025-03-03 20:18:00+00:00
2025-03-03 19:55:00+00:00,85824.0,TP,20,2025-03-03 20:15:00+00:00
2025-03-03 19:56:00+00:00,85965.6,TP,22,2025-03-03 20:18:00+00:00
2025-03-03 19:57:00+00:00,85869.71,TP,19,2025-03-03 20:16:00+00:00
2025-03-03 19:58:00+00:00,85794.32,TP,17,2025-03-03 20:15:00+00:00
2025-03-03 19:59:00+00:00,85606.0,TP,5,2025-03-03 20:04:00+00:00
2025-03-03 20:00:00+00:00,85752.02,TP,6,2025-03-03 20:06:00+00:00
2025-03-03 20:01:00+00:00,85495.22,TP,3,2025-03-03 20:04:00+00:00
2025-03-03 20:02:00+00:00,85576.42,TP,2,2025-03-03 20:04:00+00:00
2025-03-03 20:03:00+00:00,85658.98,TP,1,2025-03-03 20:04:00+00:00
2025-03-03 20:04:00+00:00,85942.42,TP,14,2025-03-03 20:18:00+00:00
2025-03-03 20:05:00+00:00,85765.71,TP,1,2025-03-03 20:06:00+00:00
2025-03-03 20:06:00+00:00,85993.48,TP,12,2025-03-03 20:18:00+00:00
2025-03-03 20:07:00+00:00,85903.35,TP,9,2025-03-03 20:16:00+00:00
2025-03-03 20:08:00+00:00,85671.98,TP,7,2025-03-03 20:15:00+00:00
2025-03-03 20:09:00+00:00,85722.0,TP,6,2025-03-03 20:15:00+00:00
2025-03-03 20:10:00+00:00,85604.29,TP,5,2025-03-03 20:15:00+00:00
2025-03-03 20:11:00+00:00,85743.61,TP,4,2025-03-03 20:15:00+00:00
2025-03-03 20:12:00+00:00,85519.99,TP,1,2025-03-03 20:13:00+00:00
2025-03-03 20:13:00+00:00,85808.0,TP,2,2025-03-03 20:15:00+00:00
2025-03-03 20:14:00+00:00,85756.54,TP,1,2025-03-03 20:15:00+00:00
2025-03-03 20:15:00+00:00,86049.99,TP,5,2025-03-03 20:20:00+00:00
2025-03-03 20:16:00+00:00,86133.11,TP,45,2025-03-03 21:01:00+00:00
2025-03-03 20:17:00+00:00,86114.0,TP,44,2025-03-03 21:01:00+00:00
2025-03-03 20:18:00+00:00,86220.01,TP,57,2025-03-03 21:15:00+00:00
2025-03-03 20:19:00+00:00,86167.99,TP,42,2025-03-03 21:01:00+00:00
2025-03-03 20:20:00+00:00,86299.75,TP,55,2025-03-03 21:15:00+00:00
2025-03-03 20:21:00+00:00,86183.19,TP,40,2025-03-03 21:01:00+00:00
2025-03-03 20:22:00+00:00,86126.73,TP,39,2025-03-03 21:01:00+00:00
2025-03-03 20:23:00+00:00,86094.34,TP,38,2025-03-03 21:01:00+00:00
2025-03-03 20:24:00+00:00,85987.14,TP,36,2025-03-03 21:00:00+00:00
2025-03-03 20:25:00+00:00,86104.15,TP,36,2025-03-03 21:01:00+00:00
2025-03-03 20:26:00+00:00,86065.99,TP,35,2025-03-03 21:01:00+00:00
2025-03-03 20:27:00+00:00,85972.02,TP,33,2025-03-03 21:00:00+00:00
2025-03-03 20:28:00+00:00,85814.92,TP,3,2025-03-03 20:31:00+00:00
2025-03-03 20:29:00+00:00,85814.55,TP,2,2025-03-03 20:31:00+00:00
2025-03-03 20:30:00+00:00,85981.13,TP,30,2025-03-03 21:00:00+00:00
2025-03-03 20:31:00+00:00,86168.43,TP,30,2025-03-03 21:01:00+00:00
2025-03-03 20:32:00+00:00,86028.0,TP,29,2025-03-03 21:01:00+00:00
2025-03-03 20:33:00+00:00,86082.57,TP,28,2025-03-03 21:01:00+00:00
2025-03-03 20:34:00+00:00,85952.0,TP,26,2025-03-03 21:00:00+00:00
2025-03-03 20:35:00+00:00,85879.72,TP,25,2025-03-03 21:00:00+00:00
2025-03-03 20:36:00+00:00,85912.53,TP,24,2025-03-03 21:00:00+00:00
2025-03-03 20:37:00+00:00,85636.0,TP,18,2025-03-03 20:55:00+00:00
2025-03-03 20:38:00+00:00,85740.0,TP,19,2025-03-03 20:57:00+00:00
2025-03-03 20:39:00+00:00,85384.84,TP,7,2025-03-03 20:46:00+00:00
2025-03-03 20:40:00+00:00,85400.01,TP,6,2025-03-03 20:46:00+00:00
2025-03-03 20:41:00+00:00,85252.02,TP,4,2025-03-03 20:45:00+00:00
2025-03-03 20:42:00+00:00,85389.6,TP,4,2025-03-03 20:46:00+00:00
2025-03-03 20:43:00+00:00,85408.67,TP,3,2025-03-03 20:46:00+00:00
2025-03-03 20:44:00+00:00,85424.0,TP,2,2025-03-03 20:46:00+00:00
2025-03-03 20:45:00+00:00,85558.02,TP,1,2025-03-03 20:46:00+00:00
2025-03-03 20:46:00+00:00,85785.98,TP,11,2025-03-03 20:57:00+00:00
2025-03-03 20:47:00+00:00,85720.0,TP,9,2025-03-03 20:56:00+00:00
2025-03-03 20:48:00+00:00,85850.0,TP,11,2025-03-03 20:59:00+00:00
2025-03-03 20:49:00+00:00,85733.96,TP,8,2025-03-03 20:57:00+00:00
2025-03-03 20:50:00+00:00,85836.27,TP,9,2025-03-03 20:59:00+00:00
2025-03-03 20:51:00+00:00,85711.57,TP,5,2025-03-03 20:56:00+00:00
2025-03-03 20:52:00+00:00,85786.01,TP,5,2025-03-03 20:57:00+00:00
2025-03-03 20:53:00+00:00,85721.99,TP,4,2025-03-03 20:57:00+00:00
2025-03-03 20:54:00+00:00,85794.01,TP,3,2025-03-03 20:57:00+00:00
2025-03-03 20:55:00+00:00,85862.0,TP,5,2025-03-03 21:00:00+00:00
2025-03-03 20:56:00+00:00,85936.0,TP,4,2025-03-03 21:00:00+00:00
2025-03-03 20:57:00+00:00,86040.0,TP,4,2025-03-03 21:01:00+00:00
2025-03-03 20:58:00+00:00,85989.99,TP,2,2025-03-03 21:00:00+00:00
2025-03-03 20:59:00+00:00,86074.0,TP,2,2025-03-03 21:01:00+00:00
2025-03-03 21:00:00+00:00,86211.13,TP,15,2025-03-03 21:15:00+00:00
2025-03-03 21:01:00+00:00,86408.85,TP,110,2025-03-03 22:51:00+00:00
2025-03-03 21:02:00+00:00,86260.93,TP,13,2025-03-03 21:15:00+00:00
2025-03-03 21:03:00+00:00,86148.0,TP,11,2025-03-03 21:14:00+00:00
2025-03-03 21:04:00+00:00,86122.01,TP,9,2025-03-03 21:13:00+00:00
2025-03-03 21:05:00+00:00,86094.01,TP,2,2025-03-03 21:07:00+00:00
2025-03-03 21:06:00+00:00,86279.33,TP,9,2025-03-03 21:15:00+00:00
2025-03-03 21:07:00+00:00,86336.01,TP,8,2025-03-03 21:15:00+00:00
2025-03-03 21:08:00+00:00,86238.02,TP,7,2025-03-03 21:15:00+00:00
2025-03-03 21:09:00+00:00,86274.01,TP,6,2025-03-03 21:15:00+00:00
2025-03-03 21:10:00+00:00,86312.0,TP,5,2025-03-03 21:15:00+00:00
2025-03-03 21:11:00+00:00,86194.01,TP,4,2025-03-03 21:15:00+00:00
2025-03-03 21:12:00+00:00,86207.55,TP,3,2025-03-03 21:15:00+00:00
2025-03-03 21:13:00+00:00,86354.01,TP,73,2025-03-03 22:26:00+00:00
2025-03-03 21:14:00+00:00,86394.49,TP,97,2025-03-03 22:51:00+00:00
2025-03-03 21:15:00+00:00,86568.03,TP,99,2025-03-03 22:54:00+00:00
2025-03-03 21:16:00+00:00,86486.01,TP,95,2025-03-03 22:51:00+00:00
2025-03-03 21:17:00+00:00,86387.66,TP,94,2025-03-03 22:51:00+00:00
2025-03-03 21:18:00+00:00,86328.9,TP,68,2025-03-03 22:26:00+00:00
2025-03-03 21:19:00+00:00,86398.38,TP,92,2025-03-03 22:51:00+00:00
2025-03-03 21:20:00+00:00,86354.01,TP,66,2025-03-03 22:26:00+00:00
2025-03-03 21:21:00+00:00,86426.01,TP,90,2025-03-03 22:51:00+00:00
2025-03-03 21:22:00+00:00,86410.0,TP,89,2025-03-03 22:51:00+00:00
2025-03-03 21:23:00+00:00,86350.01,TP,63,2025-03-03 22:26:00+00:00
2025-03-03 21:24:00+00:00,86239.99,TP,13,2025-03-03 21:37:00+00:00
2025-03-03 21:25:00+00:00,86270.34,TP,14,2025-03-03 21:39:00+00:00
2025-03-03 21:26:00+00:00,86280.01,TP,13,2025-03-03 21:39:00+00:00
2025-03-03 21:27:00+00:00,86184.01,TP,7,2025-03-03 21:34:00+00:00
2025-03-03 21:28:00+00:00,86139.67,TP,6,2025-03-03 21:34:00+00:00
2025-03-03 21:29:00+00:00,86073.99,TP,2,2025-03-03 21:31:00+00:00
2025-03-03 21:30:00+00:00,86150.0,TP,4,2025-03-03 21:34:00+00:00
2025-03-03 21:31:00+00:00,86319.99,TP,55,2025-03-03 22:26:00+00:00
2025-03-03 21:32:00+00:00,86300.0,TP,54,2025-03-03 22:26:00+00:00
2025-03-03 21:33:00+00:00,86297.99,TP,53,2025-03-03 22:26:00+00:00
2025-03-03 21:34:00+00:00,86406.0,TP,77,2025-03-03 22:51:00+00:00
2025-03-03 21:35:00+00:00,86402.0,TP,76,2025-03-03 22:51:00+00:00
2025-03-03 21:36:00+00:00,86447.99,TP,75,2025-03-03 22:51:00+00:00
2025-03-03 21:37:00+00:00,86474.01,TP,74,2025-03-03 22:51:00+00:00
2025-03-03 21:38:00+00:00,86448.36,TP,73,2025-03-03 22:51:00+00:00
2025-03-03 21:39:00+00:00,86509.16,TP,73,2025-03-03 22:52:00+00:00
2025-03-03 21:40:00+00:00,86425.82,TP,71,2025-03-03 22:51:00+00:00
2025-03-03 21:41:00+00:00,86420.01,TP,70,2025-03-03 22:51:00+00:00
2025-03-03 21:42:00+00:00,86306.58,TP,44,2025-03-03 22:26:00+00:00
2025-03-03 21:43:00+00:00,86295.95,TP,43,2025-03-03 22:26:00+00:00
2025-03-03 21:44:00+00:00,86254.0,TP,39,2025-03-03 22:23:00+00:00
2025-03-03 21:45:00+00:00,86097.38,TP,21,2025-03-03 22:06:00+00:00
2025-03-03 21:46:00+00:00,85880.01,TP,19,2025-03-03 22:05:00+00:00
2025-03-03 21:47:00+00:00,85967.2,TP,18,2025-03-03 22:05:00+00:00
2025-03-03 21:48:00+00:00,85993.98,TP,17,2025-03-03 22:05:00+00:00
2025-03-03 21:49:00+00:00,85927.99,TP,16,2025-03-03 22:05:00+00:00
2025-03-03 21:50:00+00:00,85579.99,TP,12,2025-03-03 22:02:00+00:00
2025-03-03 21:51:00+00:00,85746.0,TP,13,2025-03-03 22:04:00+00:00
2025-03-03 21:52:00+00:00,85764.0,TP,12,2025-03-03 22:04:00+00:00
2025-03-03 21:53:00+00:00,85699.6,TP,10,2025-03-03 22:03:00+00:00
2025-03-03 21:54:00+00:00,85563.09,TP,8,2025-03-03 22:02:00+00:00
2025-03-03 21:55:00+00:00,85776.43,TP,9,2025-03-03 22:04:00+00:00
2025-03-03 21:56:00+00:00,85589.58,TP,6,2025-03-03 22:02:00+00:00
2025-03-03 21:57:00+00:00,85377.33,TP,4,2025-03-03 22:01:00+00:00
2025-03-03 21:58:00+00:00,85127.74,TP,1,2025-03-03 21:59:00+00:00
2025-03-03 21:59:00+00:00,85374.33,TP,2,2025-03-03 22:01:00+00:00
2025-03-03 22:00:00+00:00,85553.99,TP,2,2025-03-03 22:02:00+00:00
2025-03-03 22:01:00+00:00,85748.0,TP,3,2025-03-03 22:04:00+00:00
2025-03-03 22:02:00+00:00,85857.64,TP,3,2025-03-03 22:05:00+00:00
2025-03-03 22:03:00+00:00,85943.39,TP,2,2025-03-03 22:05:00+00:00
2025-03-03 22:04:00+00:00,86022.0,TP,2,2025-03-03 22:06:00+00:00
2025-03-03 22:05:00+00:00,86220.01,TP,18,2025-03-03 22:23:00+00:00
2025-03-03 22:06:00+00:00,86374.0,TP,44,2025-03-03 22:50:00+00:00
2025-03-03 22:07:00+00:00,86142.83,TP,10,2025-03-03 22:17:00+00:00
2025-03-03 22:08:00+00:00,86263.21,TP,16,2025-03-03 22:24:00+00:00
2025-03-03 22:09:00+00:00,86190.4,TP,10,2025-03-03 22:19:00+00:00
2025-03-03 22:10:00+00:00,86081.86,TP,6,2025-03-03 22:16:00+00:00
2025-03-03 22:11:00+00:00,86132.0,TP,6,2025-03-03 22:17:00+00:00
2025-03-03 22:12:00+00:00,86059.99,TP,4,2025-03-03 22:16:00+00:00
2025-03-03 22:13:00+00:00,86050.59,TP,3,2025-03-03 22:16:00+00:00
2025-03-03 22:14:00+00:00,86119.99,TP,3,2025-03-03 22:17:00+00:00
2025-03-03 22:15:00+00:00,86178.0,TP,2,2025-03-03 22:17:00+00:00
2025-03-03 22:16:00+00:00,86329.98,TP,10,2025-03-03 22:26:00+00:00
2025-03-03 22:17:00+00:00,86396.23,TP,34,2025-03-03 22:51:00+00:00
2025-03-03 22:18:00+00:00,86291.23,TP,8,2025-03-03 22:26:00+00:00
2025-03-03 22:19:00+00:00,86422.0,TP,32,2025-03-03 22:51:00+00:00
2025-03-03 22:20:00+00:00,86305.19,TP,6,2025-03-03 22:26:00+00:00
2025-03-03 22:21:00+00:00,86378.01,TP,29,2025-03-03 22:50:00+00:00
2025-03-03 22:22:00+00:00,86429.76,TP,29,2025-03-03 22:51:00+00:00
2025-03-03 22:23:00+00:00,86472.25,TP,28,2025-03-03 22:51:00+00:00
2025-03-03 22:24:00+00:00,86497.98,TP,28,2025-03-03 22:52:00+00:00
2025-03-03 22:25:00+00:00,86466.07,TP,26,2025-03-03 22:51:00+00:00
2025-03-03 22:26:00+00:00,86572.0,TP,28,2025-03-03 22:54:00+00:00
2025-03-03 22:27:00+00:00,86300.0,TP,23,2025-03-03 22:50:00+00:00
2025-03-03 22:28:00+00:00,86408.01,TP,23,2025-03-03 22:51:00+00:00
2025-03-03 22:29:00+00:00,86408.0,TP,22,2025-03-03 22:51:00+00:00
2025-03-03 22:30:00+00:00,86400.0,TP,21,2025-03-03 22:51:00+00:00
2025-03-03 22:31:00+00:00,86480.68,TP,20,2025-03-03 22:51:00+00:00
2025-03-03 22:32:00+00:00,86299.88,TP,18,2025-03-03 22:50:00+00:00
2025-03-03 22:33:00+00:00,86266.02,TP,16,2025-03-03 22:49:00+00:00
2025-03-03 22:34:00+00:00,86288.0,TP,15,2025-03-03 22:49:00+00:00
2025-03-03 22:35:00+00:00,86299.87,TP,15,2025-03-03 22:50:00+00:00
2025-03-03 22:36:00+00:00,86359.99,TP,14,2025-03-03 22:50:00+00:00
2025-03-03 22:37:00+00:00,86284.82,TP,12,2025-03-03 22:49:00+00:00
2025-03-03 22:38:00+00:00,86153.85,TP,5,2025-03-03 22:43:00+00:00
2025-03-03 22:39:00+00:00,86184.01,TP,8,2025-03-03 22:47:00+00:00
2025-03-03 22:40:00+00:00,86188.25,TP,7,2025-03-03 22:47:00+00:00
2025-03-03 22:41:00+00:00,86250.45,TP,6,2025-03-03 22:47:00+00:00
2025-03-03 22:42:00+00:00,86250.47,TP,5,2025-03-03 22:47:00+00:00
2025-03-03 22:43:00+00:00,86379.19,TP,7,2025-03-03 22:50:00+00:00
2025-03-03 22:44:00+00:00,86358.5,TP,6,2025-03-03 22:50:00+00:00
2025-03-03 22:45:00+00:00,86299.24,TP,5,2025-03-03 22:50:00+00:00
2025-03-03 22:46:00+00:00,86394.22,TP,5,2025-03-03 22:51:00+00:00
2025-03-03 22:47:00+00:00,86476.87,TP,4,2025-03-03 22:51:00+00:00
2025-03-03 22:48:00+00:00,86408.74,TP,3,2025-03-03 22:51:00+00:00
2025-03-03 22:49:00+00:00,86509.43,TP,3,2025-03-03 22:52:00+00:00
2025-03-03 22:50:00+00:00,86599.99,TP,4,2025-03-03 22:54:00+00:00
2025-03-03 22:51:00+00:00,86705.6,TP,3,2025-03-03 22:54:00+00:00
2025-03-03 22:52:00+00:00,86764.8,TP,2,2025-03-03 22:54:00+00:00
2025-03-03 22:53:00+00:00,86775.88,TP,1,2025-03-03 22:54:00+00:00
2025-03-03 23:00:00+00:00,86253.2,TP,20,2025-03-03 23:20:00+00:00
2025-03-03 23:01:00+00:00,86384.73,TP,22,2025-03-03 23:23:00+00:00
2025-03-03 23:02:00+00:00,86240.48,TP,18,2025-03-03 23:20:00+00:00
2025-03-03 23:03:00+00:00,86260.95,TP,17,2025-03-03 23:20:00+00:00
2025-03-03 23:04:00+00:00,86211.95,TP,16,2025-03-03 23:20:00+00:00
2025-03-03 23:05:00+00:00,86034.35,TP,3,2025-03-03 23:08:00+00:00
2025-03-03 23:06:00+00:00,86207.55,TP,14,2025-03-03 23:20:00+00:00
2025-03-03 23:07:00+00:00,86201.98,TP,13,2025-03-03 23:20:00+00:00
2025-03-03 23:08:00+00:00,86258.74,TP,12,2025-03-03 23:20:00+00:00
2025-03-03 23:09:00+00:00,86266.01,TP,11,2025-03-03 23:20:00+00:00
2025-03-03 23:10:00+00:00,86358.49,TP,13,2025-03-03 23:23:00+00:00
2025-03-03 23:11:00+00:00,86402.57,TP,13,2025-03-03 23:24:00+00:00
2025-03-03 23:12:00+00:00,86389.98,TP,11,2025-03-03 23:23:00+00:00
2025-03-03 23:13:00+00:00,86262.63,TP,7,2025-03-03 23:20:00+00:00
2025-03-03 23:14:00+00:00,86315.87,TP,9,2025-03-03 23:23:00+00:00
2025-03-03 23:15:00+00:00,86264.71,TP,5,2025-03-03 23:20:00+00:00
2025-03-03 23:16:00+00:00,86335.06,TP,7,2025-03-03 23:23:00+00:00
2025-03-03 23:17:00+00:00,86401.72,TP,7,2025-03-03 23:24:00+00:00
2025-03-03 23:18:00+00:00,86398.07,TP,5,2025-03-03 23:23:00+00:00
2025-03-03 23:19:00+00:00,86404.27,TP,5,2025-03-03 23:24:00+00:00
2025-03-03 23:20:00+00:00,86497.99,TP,4,2025-03-03 23:24:00+00:00
2025-03-03 23:21:00+00:00,86481.99,TP,3,2025-03-03 23:24:00+00:00
2025-03-03 23:22:00+00:00,86519.08,TP,2,2025-03-03 23:24:00+00:00
2025-03-03 23:28:00+00:00,86510.13,TP,52,2025-03-04 00:20:00+00:00
2025-03-03 23:29:00+00:00,86507.44,TP,51,2025-03-04 00:20:00+00:00
2025-03-03 23:30:00+00:00,86380.01,TP,5,2025-03-03 23:35:00+00:00
2025-03-03 23:31:00+00:00,86340.0,TP,3,2025-03-03 23:34:00+00:00
2025-03-03 23:32:00+00:00,86334.01,TP,2,2025-03-03 23:34:00+00:00
2025-03-03 23:33:00+00:00,86415.99,TP,10,2025-03-03 23:43:00+00:00
2025-03-03 23:36:00+00:00,86488.01,TP,44,2025-03-04 00:20:00+00:00
2025-03-03 23:37:00+00:00,86508.0,TP,43,2025-03-04 00:20:00+00:00
2025-03-03 23:40:00+00:00,86502.0,TP,40,2025-03-04 00:20:00+00:00
2025-03-03 23:45:00+00:00,86500.0,TP,35,2025-03-04 00:20:00+00:00
2025-03-03 23:46:00+00:00,86404.0,TP,34,2025-03-04 00:20:00+00:00
2025-03-03 23:47:00+00:00,86433.97,TP,33,2025-03-04 00:20:00+00:00
2025-03-03 23:48:00+00:00,86511.99,TP,32,2025-03-04 00:20:00+00:00
2025-03-03 23:49:00+00:00,86433.96,TP,31,2025-03-04 00:20:00+00:00
2025-03-03 23:50:00+00:00,86440.01,TP,30,2025-03-04 00:20:00+00:00
2025-03-03 23:51:00+00:00,86278.28,TP,28,2025-03-04 00:19:00+00:00
2025-03-03 23:52:00+00:00,86199.99,TP,14,2025-03-04 00:06:00+00:00
2025-03-03 23:53:00+00:00,86208.0,TP,13,2025-03-04 00:06:00+00:00
2025-03-03 23:54:00+00:00,86278.5,TP,25,2025-03-04 00:19:00+00:00
2025-03-03 23:55:00+00:00,86159.99,TP,11,2025-03-04 00:06:00+00:00
2025-03-03 23:56:00+00:00,86120.75,TP,10,2025-03-04 00:06:00+00:00
2025-03-03 23:57:00+00:00,86066.0,TP,9,2025-03-04 00:06:00+00:00
2025-03-03 23:58:00+00:00,86151.75,TP,8,2025-03-04 00:06:00+00:00
2025-03-03 23:59:00+00:00,86220.61,TP,7,2025-03-04 00:06:00+00:00
2025-03-04 00:00:00+00:00,86138.02,TP,6,2025-03-04 00:06:00+00:00
2025-03-04 00:01:00+00:00,86055.23,TP,4,2025-03-04 00:05:00+00:00
2025-03-04 00:02:00+00:00,86049.99,TP,3,2025-03-04 00:05:00+00:00
2025-03-04 00:03:00+00:00,85932.28,TP,2,2025-03-04 00:05:00+00:00
2025-03-04 00:04:00+00:00,86099.85,TP,2,2025-03-04 00:06:00+00:00
2025-03-04 00:05:00+00:00,86279.99,TP,14,2025-03-04 00:19:00+00:00
2025-03-04 00:06:00+00:00,86474.03,TP,14,2025-03-04 00:20:00+00:00
2025-03-04 00:07:00+00:00,86423.46,TP,13,2025-03-04 00:20:00+00:00
2025-03-04 00:08:00+00:00,86290.31,TP,11,2025-03-04 00:19:00+00:00
2025-03-04 00:09:00+00:00,86157.21,TP,6,2025-03-04 00:15:00+00:00
2025-03-04 00:10:00+00:00,86183.11,TP,7,2025-03-04 00:17:00+00:00
2025-03-04 00:11:00+00:00,86276.02,TP,8,2025-03-04 00:19:00+00:00
2025-03-04 00:12:00+00:00,86302.04,TP,7,2025-03-04 00:19:00+00:00
2025-03-04 00:13:00+00:00,86310.01,TP,6,2025-03-04 00:19:00+00:00
2025-03-04 00:14:00+00:00,86231.84,TP,5,2025-03-04 00:19:00+00:00
2025-03-04 00:15:00+00:00,86383.94,TP,5,2025-03-04 00:20:00+00:00
2025-03-04 00:16:00+00:00,86215.91,TP,1,2025-03-04 00:17:00+00:00
2025-03-04 00:17:00+00:00,86433.96,TP,3,2025-03-04 00:20:00+00:00
2025-03-04 01:39:00+00:00,84352.0,TP,778,2025-03-04 14:37:00+00:00
2025-03-04 01:40:00+00:00,84347.93,TP,777,2025-03-04 14:37:00+00:00
2025-03-04 01:41:00+00:00,83744.65,TP,72,2025-03-04 02:53:00+00:00
2025-03-04 01:42:00+00:00,83909.59,TP,72,2025-03-04 02:54:00+00:00
2025-03-04 01:43:00+00:00,83577.6,TP,56,2025-03-04 02:39:00+00:00
2025-03-04 01:44:00+00:00,83571.05,TP,55,2025-03-04 02:39:00+00:00
2025-03-04 01:45:00+00:00,82750.03,TP,1,2025-03-04 01:46:00+00:00
2025-03-04 01:46:00+00:00,83192.77,TP,5,2025-03-04 01:51:00+00:00
2025-03-04 01:47:00+00:00,82915.78,TP,4,2025-03-04 01:51:00+00:00
2025-03-04 01:48:00+00:00,83099.99,TP,3,2025-03-04 01:51:00+00:00
2025-03-04 01:49:00+00:00,82835.99,TP,1,2025-03-04 01:50:00+00:00
2025-03-04 01:50:00+00:00,83084.96,TP,1,2025-03-04 01:51:00+00:00
2025-03-04 01:51:00+00:00,83512.8,TP,11,2025-03-04 02:02:00+00:00
2025-03-04 01:52:00+00:00,83605.23,TP,55,2025-03-04 02:47:00+00:00
2025-03-04 01:53:00+00:00,83452.17,TP,1,2025-03-04 01:54:00+00:00
2025-03-04 01:54:00+00:00,83674.92,TP,59,2025-03-04 02:53:00+00:00
2025-03-04 01:55:00+00:00,83651.75,TP,57,2025-03-04 02:52:00+00:00
2025-03-04 01:56:00+00:00,83531.99,TP,6,2025-03-04 02:02:00+00:00
2025-03-04 01:57:00+00:00,83151.74,TP,1,2025-03-04 01:58:00+00:00
2025-03-04 01:58:00+00:00,83377.0,TP,4,2025-03-04 02:02:00+00:00
2025-03-04 01:59:00+00:00,83380.55,TP,3,2025-03-04 02:02:00+00:00
2025-03-04 02:00:00+00:00,83419.01,TP,2,2025-03-04 02:02:00+00:00
2025-03-04 02:01:00+00:00,83522.0,TP,1,2025-03-04 02:02:00+00:00
2025-03-04 02:02:00+00:00,83762.78,TP,51,2025-03-04 02:53:00+00:00
2025-03-04 02:03:00+00:00,83718.6,TP,50,2025-03-04 02:53:00+00:00
2025-03-04 02:04:00+00:00,83447.66,TP,8,2025-03-04 02:12:00+00:00
2025-03-04 02:05:00+00:00,82919.99,TP,3,2025-03-04 02:08:00+00:00
2025-03-04 02:06:00+00:00,82526.45,TP,1,2025-03-04 02:07:00+00:00
2025-03-04 02:07:00+00:00,82822.26,TP,1,2025-03-04 02:08:00+00:00
2025-03-04 02:08:00+00:00,83137.61,TP,4,2025-03-04 02:12:00+00:00
2025-03-04 02:09:00+00:00,83260.71,TP,3,2025-03-04 02:12:00+00:00
2025-03-04 02:10:00+00:00,83088.5,TP,2,2025-03-04 02:12:00+00:00
2025-03-04 02:11:00+00:00,83245.29,TP,1,2025-03-04 02:12:00+00:00
2025-03-04 02:15:00+00:00,83481.13,TP,21,2025-03-04 02:36:00+00:00
2025-03-04 02:16:00+00:00,83479.63,TP,20,2025-03-04 02:36:00+00:00
2025-03-04 02:17:00+00:00,83367.13,TP,19,2025-03-04 02:36:00+00:00
2025-03-04 02:18:00+00:00,83394.41,TP,18,2025-03-04 02:36:00+00:00
2025-03-04 02:19:00+00:00,83189.88,TP,16,2025-03-04 02:35:00+00:00
2025-03-04 02:20:00+00:00,83137.04,TP,6,2025-03-04 02:26:00+00:00
2025-03-04 02:21:00+00:00,83117.09,TP,5,2025-03-04 02:26:00+00:00
2025-03-04 02:22:00+00:00,83023.14,TP,3,2025-03-04 02:25:00+00:00
2025-03-04 02:23:00+00:00,83080.0,TP,3,2025-03-04 02:26:00+00:00
2025-03-04 02:24:00+00:00,82980.8,TP,1,2025-03-04 02:25:00+00:00
2025-03-04 02:25:00+00:00,83245.29,TP,11,2025-03-04 02:36:00+00:00
2025-03-04 02:26:00+00:00,83360.11,TP,10,2025-03-04 02:36:00+00:00
2025-03-04 02:27:00+00:00,83085.53,TP,3,2025-03-04 02:30:00+00:00
2025-03-04 02:28:00+00:00,83126.81,TP,2,2025-03-04 02:30:00+00:00
2025-03-04 02:29:00+00:00,83223.84,TP,7,2025-03-04 02:36:00+00:00
2025-03-04 02:30:00+00:00,83388.0,TP,6,2025-03-04 02:36:00+00:00
2025-03-04 02:31:00+00:00,83336.12,TP,5,2025-03-04 02:36:00+00:00
2025-03-04 02:32:00+00:00,83273.64,TP,4,2025-03-04 02:36:00+00:00
2025-03-04 02:33:00+00:00,83393.01,TP,3,2025-03-04 02:36:00+00:00
2025-03-04 02:34:00+00:00,83332.02,TP,2,2025-03-04 02:36:00+00:00
2025-03-04 03:15:00+00:00,83750.1,TP,7,2025-03-04 03:22:00+00:00
2025-03-04 03:16:00+00:00,83737.39,TP,5,2025-03-04 03:21:00+00:00
2025-03-04 04:06:00+00:00,83744.02,TP,10,2025-03-04 04:16:00+00:00
2025-03-04 04:19:00+00:00,83751.79,TP,44,2025-03-04 05:03:00+00:00
2025-03-04 04:21:00+00:00,83720.25,TP,42,2025-03-04 05:03:00+00:00
2025-03-04 04:22:00+00:00,83687.31,TP,2,2025-03-04 04:24:00+00:00
2025-03-04 04:23:00+00:00,83864.8,TP,42,2025-03-04 05:05:00+00:00
2025-03-04 04:25:00+00:00,83864.82,TP,40,2025-03-04 05:05:00+00:00
2025-03-04 04:26:00+00:00,83881.98,TP,39,2025-03-04 05:05:00+00:00
2025-03-04 04:29:00+00:00,83792.14,TP,35,2025-03-04 05:04:00+00:00
2025-03-04 04:30:00+00:00,83691.79,TP,33,2025-03-04 05:03:00+00:00
2025-03-04 04:31:00+00:00,83705.57,TP,32,2025-03-04 05:03:00+00:00
2025-03-04 04:32:00+00:00,83704.86,TP,31,2025-03-04 05:03:00+00:00
2025-03-04 04:43:00+00:00,83773.58,TP,21,2025-03-04 05:04:00+00:00
2025-03-04 04:45:00+00:00,83670.45,TP,18,2025-03-04 05:03:00+00:00
2025-03-04 04:46:00+00:00,83667.69,TP,17,2025-03-04 05:03:00+00:00
2025-03-04 04:47:00+00:00,83568.34,TP,16,2025-03-04 05:03:00+00:00
2025-03-04 04:48:00+00:00,83528.43,TP,4,2025-03-04 04:52:00+00:00
2025-03-04 04:49:00+00:00,83605.0,TP,14,2025-03-04 05:03:00+00:00
2025-03-04 04:50:00+00:00,83675.01,TP,13,2025-03-04 05:03:00+00:00
2025-03-04 04:51:00+00:00,83722.0,TP,12,2025-03-04 05:03:00+00:00
2025-03-04 04:52:00+00:00,83765.88,TP,12,2025-03-04 05:04:00+00:00
2025-03-04 04:53:00+00:00,83761.81,TP,11,2025-03-04 05:04:00+00:00
2025-03-04 04:54:00+00:00,83612.0,TP,9,2025-03-04 05:03:00+00:00
2025-03-04 04:55:00+00:00,83571.44,TP,8,2025-03-04 05:03:00+00:00
2025-03-04 04:56:00+00:00,83594.0,TP,7,2025-03-04 05:03:00+00:00
2025-03-04 04:57:00+00:00,83567.0,TP,6,2025-03-04 05:03:00+00:00
2025-03-04 04:58:00+00:00,83426.3,TP,5,2025-03-04 05:03:00+00:00
2025-03-04 04:59:00+00:00,83416.95,TP,4,2025-03-04 05:03:00+00:00
2025-03-04 05:00:00+00:00,83500.0,TP,3,2025-03-04 05:03:00+00:00
2025-03-04 05:01:00+00:00,83522.71,TP,2,2025-03-04 05:03:00+00:00
2025-03-04 05:02:00+00:00,83493.39,TP,1,2025-03-04 05:03:00+00:00
2025-03-04 05:18:00+00:00,83785.98,TP,4,2025-03-04 05:22:00+00:00
2025-03-04 05:20:00+00:00,83779.05,TP,2,2025-03-04 05:22:00+00:00
2025-03-04 05:24:00+00:00,84072.0,TP,11,2025-03-04 05:35:00+00:00
2025-03-04 05:25:00+00:00,84120.01,TP,38,2025-03-04 06:03:00+00:00
2025-03-04 06:19:00+00:00,83930.0,TP,8,2025-03-04 06:27:00+00:00
2025-03-04 06:20:00+00:00,83913.51,TP,4,2025-03-04 06:24:00+00:00
2025-03-04 06:21:00+00:00,83968.96,TP,6,2025-03-04 06:27:00+00:00
2025-03-04 06:22:00+00:00,84015.04,TP,6,2025-03-04 06:28:00+00:00
2025-03-04 06:55:00+00:00,83657.01,TP,3,2025-03-04 06:58:00+00:00
2025-03-04 14:42:00+00:00,83698.42,TP,2,2025-03-04 14:44:00+00:00
2025-03-04 15:00:00+00:00,82803.98,TP,1,2025-03-04 15:01:00+00:00
2025-03-04 15:02:00+00:00,82929.66,TP,39,2025-03-04 15:41:00+00:00
2025-03-04 15:03:00+00:00,82862.04,TP,38,2025-03-04 15:41:00+00:00
2025-03-04 15:07:00+00:00,82656.44,TP,4,2025-03-04 15:11:00+00:00
2025-03-04 15:08:00+00:00,82749.45,TP,33,2025-03-04 15:41:00+00:00
2025-03-04 15:09:00+00:00,82699.99,TP,3,2025-03-04 15:12:00+00:00
2025-03-04 15:10:00+00:00,82754.53,TP,31,2025-03-04 15:41:00+00:00
2025-03-04 15:16:00+00:00,82474.22,TP,17,2025-03-04 15:33:00+00:00
2025-03-04 15:17:00+00:00,82551.61,TP,17,2025-03-04 15:34:00+00:00
2025-03-04 15:18:00+00:00,82297.19,TP,12,2025-03-04 15:30:00+00:00
2025-03-04 15:19:00+00:00,82188.72,TP,8,2025-03-04 15:27:00+00:00
2025-03-04 15:20:00+00:00,81850.51,TP,5,2025-03-04 15:25:00+00:00
2025-03-04 15:21:00+00:00,81731.71,TP,3,2025-03-04 15:24:00+00:00
2025-03-04 15:22:00+00:00,81863.37,TP,4,2025-03-04 15:26:00+00:00
2025-03-04 15:23:00+00:00,81832.64,TP,2,2025-03-04 15:25:00+00:00
2025-03-04 15:24:00+00:00,81954.89,TP,2,2025-03-04 15:26:00+00:00
2025-03-04 15:25:00+00:00,82064.59,TP,2,2025-03-04 15:27:00+00:00
2025-03-04 15:26:00+00:00,82244.59,TP,4,2025-03-04 15:30:00+00:00
2025-03-05 14:57:00+00:00,88230.8,TP,2,2025-03-05 14:59:00+00:00
2025-03-06 17:01:00+00:00,88746.73,TP,167,2025-03-06 19:48:00+00:00
2025-03-06 17:03:00+00:00,88597.26,TP,6,2025-03-06 17:09:00+00:00
2025-03-06 17:04:00+00:00,88570.45,TP,3,2025-03-06 17:07:00+00:00
2025-03-06 17:17:00+00:00,88506.15,TP,3,2025-03-06 17:20:00+00:00
2025-03-06 17:18:00+00:00,88651.38,TP,4,2025-03-06 17:22:00+00:00
2025-03-06 17:27:00+00:00,88631.3,TP,3,2025-03-06 17:30:00+00:00
2025-03-06 17:28:00+00:00,88642.01,TP,2,2025-03-06 17:30:00+00:00
2025-03-06 17:35:00+00:00,88495.89,TP,30,2025-03-06 18:05:00+00:00
2025-03-06 17:36:00+00:00,88283.0,TP,4,2025-03-06 17:40:00+00:00
2025-03-06 17:37:00+00:00,88388.97,TP,4,2025-03-06 17:41:00+00:00
2025-03-06 17:38:00+00:00,88399.57,TP,3,2025-03-06 17:41:00+00:00
2025-03-06 17:39:00+00:00,88305.14,TP,2,2025-03-06 17:41:00+00:00
2025-03-06 17:40:00+00:00,88509.88,TP,25,2025-03-06 18:05:00+00:00
2025-03-06 17:44:00+00:00,88481.17,TP,18,2025-03-06 18:02:00+00:00
2025-03-06 17:45:00+00:00,88388.98,TP,13,2025-03-06 17:58:00+00:00
2025-03-06 17:46:00+00:00,88286.15,TP,12,2025-03-06 17:58:00+00:00
2025-03-06 17:47:00+00:00,88203.7,TP,8,2025-03-06 17:55:00+00:00
2025-03-06 17:48:00+00:00,88298.0,TP,10,2025-03-06 17:58:00+00:00
2025-03-06 17:49:00+00:00,88134.7,TP,6,2025-03-06 17:55:00+00:00
2025-03-06 17:50:00+00:00,88116.02,TP,5,2025-03-06 17:55:00+00:00
2025-03-06 17:51:00+00:00,88230.01,TP,5,2025-03-06 17:56:00+00:00
2025-03-06 17:52:00+00:00,88186.13,TP,3,2025-03-06 17:55:00+00:00
2025-03-06 17:53:00+00:00,88188.68,TP,2,2025-03-06 17:55:00+00:00
2025-03-06 17:54:00+00:00,88300.01,TP,4,2025-03-06 17:58:00+00:00
2025-03-06 17:55:00+00:00,88441.65,TP,3,2025-03-06 17:58:00+00:00
2025-03-06 17:56:00+00:00,88459.73,TP,2,2025-03-06 17:58:00+00:00
2025-03-06 17:57:00+00:00,88458.0,TP,1,2025-03-06 17:58:00+00:00
2025-03-06 18:00:00+00:00,88554.97,TP,5,2025-03-06 18:05:00+00:00
2025-03-07 00:16:00+00:00,88277.98,TP,1,2025-03-07 00:17:00+00:00
2025-03-07 00:17:00+00:00,88682.05,TP,550,2025-03-07 09:27:00+00:00
2025-03-07 00:18:00+00:00,88674.81,TP,549,2025-03-07 09:27:00+00:00
2025-03-07 00:19:00+00:00,88250.23,TP,85,2025-03-07 01:44:00+00:00
2025-03-07 00:20:00+00:00,87493.64,TP,80,2025-03-07 01:40:00+00:00
2025-03-07 00:21:00+00:00,87169.72,TP,78,2025-03-07 01:39:00+00:00
2025-03-07 00:22:00+00:00,87100.02,TP,2,2025-03-07 00:24:00+00:00
2025-03-07 00:23:00+00:00,87203.99,TP,76,2025-03-07 01:39:00+00:00
2025-03-07 00:24:00+00:00,87361.99,TP,76,2025-03-07 01:40:00+00:00
2025-03-07 00:25:00+00:00,86908.58,TP,53,2025-03-07 01:18:00+00:00
2025-03-07 00:26:00+00:00,86622.45,TP,2,2025-03-07 00:28:00+00:00
2025-03-07 00:27:00+00:00,86708.26,TP,1,2025-03-07 00:28:00+00:00
2025-03-07 00:28:00+00:00,86996.98,TP,51,2025-03-07 01:19:00+00:00
2025-03-07 00:29:00+00:00,87037.48,TP,51,2025-03-07 01:20:00+00:00
2025-03-07 00:30:00+00:00,86720.01,TP,3,2025-03-07 00:33:00+00:00
2025-03-07 00:31:00+00:00,86878.25,TP,47,2025-03-07 01:18:00+00:00
2025-03-07 00:32:00+00:00,86842.91,TP,46,2025-03-07 01:18:00+00:00
2025-03-07 00:33:00+00:00,86982.24,TP,46,2025-03-07 01:19:00+00:00
2025-03-07 00:34:00+00:00,87033.7,TP,46,2025-03-07 01:20:00+00:00
2025-03-07 00:35:00+00:00,86804.46,TP,43,2025-03-07 01:18:00+00:00
2025-03-07 00:36:00+00:00,85957.61,TP,5,2025-03-07 00:41:00+00:00
2025-03-07 00:37:00+00:00,85840.0,TP,3,2025-03-07 00:40:00+00:00
2025-03-07 00:38:00+00:00,85651.15,TP,1,2025-03-07 00:39:00+00:00
2025-03-07 00:39:00+00:00,85893.15,TP,2,2025-03-07 00:41:00+00:00
2025-03-07 00:40:00+00:00,86094.97,TP,31,2025-03-07 01:11:00+00:00
2025-03-07 00:41:00+00:00,86300.0,TP,34,2025-03-07 01:15:00+00:00
2025-03-07 00:42:00+00:00,85909.71,TP,28,2025-03-07 01:10:00+00:00
2025-03-07 00:43:00+00:00,86118.67,TP,28,2025-03-07 01:11:00+00:00
2025-03-07 00:44:00+00:00,85918.13,TP,26,2025-03-07 01:10:00+00:00
2025-03-07 00:45:00+00:00,85594.34,TP,19,2025-03-07 01:04:00+00:00
2025-03-07 00:46:00+00:00,85464.17,TP,5,2025-03-07 00:51:00+00:00
2025-03-07 00:47:00+00:00,85664.41,TP,18,2025-03-07 01:05:00+00:00
2025-03-07 00:48:00+00:00,85535.99,TP,14,2025-03-07 01:02:00+00:00
2025-03-07 00:49:00+00:00,85524.28,TP,13,2025-03-07 01:02:00+00:00
2025-03-07 00:50:00+00:00,85634.39,TP,14,2025-03-07 01:04:00+00:00
2025-03-07 00:51:00+00:00,85702.78,TP,16,2025-03-07 01:07:00+00:00
2025-03-07 00:52:00+00:00,85651.35,TP,13,2025-03-07 01:05:00+00:00
2025-03-07 00:53:00+00:00,85386.0,TP,8,2025-03-07 01:01:00+00:00
2025-03-07 00:54:00+00:00,85117.36,TP,2,2025-03-07 00:56:00+00:00
2025-03-07 00:55:00+00:00,85152.02,TP,1,2025-03-07 00:56:00+00:00
2025-03-07 00:56:00+00:00,85405.2,TP,5,2025-03-07 01:01:00+00:00
2025-03-07 00:57:00+00:00,85367.99,TP,4,2025-03-07 01:01:00+00:00
2025-03-07 00:58:00+00:00,85495.49,TP,3,2025-03-07 01:01:00+00:00
2025-03-07 00:59:00+00:00,85529.22,TP,3,2025-03-07 01:02:00+00:00
2025-03-07 01:00:00+00:00,85341.34,TP,1,2025-03-07 01:01:00+00:00
2025-03-07 01:01:00+00:00,85733.03,TP,6,2025-03-07 01:07:00+00:00
2025-03-07 01:02:00+00:00,85804.0,TP,5,2025-03-07 01:07:00+00:00
2025-03-07 01:03:00+00:00,85628.11,TP,1,2025-03-07 01:04:00+00:00
2025-03-07 01:04:00+00:00,85854.32,TP,3,2025-03-07 01:07:00+00:00
2025-03-07 01:05:00+00:00,85900.01,TP,5,2025-03-07 01:10:00+00:00
2025-03-07 01:06:00+00:00,85828.93,TP,1,2025-03-07 01:07:00+00:00
2025-03-07 01:07:00+00:00,86105.44,TP,4,2025-03-07 01:11:00+00:00
2025-03-07 01:08:00+00:00,86111.79,TP,3,2025-03-07 01:11:00+00:00
2025-03-07 01:09:00+00:00,86107.07,TP,2,2025-03-07 01:11:00+00:00
2025-03-07 01:10:00+00:00,86213.98,TP,4,2025-03-07 01:14:00+00:00
2025-03-07 01:11:00+00:00,86408.97,TP,4,2025-03-07 01:15:00+00:00
2025-03-07 01:12:00+00:00,86174.0,TP,2,2025-03-07 01:14:00+00:00
2025-03-07 01:13:00+00:00,86388.1,TP,2,2025-03-07 01:15:00+00:00
2025-03-07 01:14:00+00:00,86505.07,TP,2,2025-03-07 01:16:00+00:00
2025-03-07 01:15:00+00:00,86632.41,TP,3,2025-03-07 01:18:00+00:00
2025-03-07 03:59:00+00:00,86991.25,TP,7,2025-03-07 04:06:00+00:00
2025-03-07 04:00:00+00:00,86988.56,TP,6,2025-03-07 04:06:00+00:00
2025-03-07 04:01:00+00:00,87012.96,TP,17,2025-03-07 04:18:00+00:00
2025-03-07 04:02:00+00:00,86955.89,TP,4,2025-03-07 04:06:00+00:00
2025-03-07 04:03:00+00:00,86910.71,TP,3,2025-03-07 04:06:00+00:00
2025-03-07 04:04:00+00:00,87061.74,TP,18,2025-03-07 04:22:00+00:00
2025-03-07 04:05:00+00:00,87115.21,TP,17,2025-03-07 04:22:00+00:00
2025-03-07 04:06:00+00:00,87210.72,TP,18,2025-03-07 04:24:00+00:00
2025-03-07 04:07:00+00:00,87170.57,TP,16,2025-03-07 04:23:00+00:00
2025-03-07 04:08:00+00:00,87135.19,TP,14,2025-03-07 04:22:00+00:00
2025-03-07 04:09:00+00:00,87105.59,TP,13,2025-03-07 04:22:00+00:00
2025-03-07 04:10:00+00:00,87007.88,TP,8,2025-03-07 04:18:00+00:00
2025-03-07 04:11:00+00:00,87161.17,TP,12,2025-03-07 04:23:00+00:00
2025-03-07 04:12:00+00:00,87084.02,TP,10,2025-03-07 04:22:00+00:00
2025-03-07 04:13:00+00:00,87139.7,TP,9,2025-03-07 04:22:00+00:00
2025-03-07 04:14:00+00:00,87213.23,TP,10,2025-03-07 04:24:00+00:00
2025-03-07 04:15:00+00:00,87192.26,TP,8,2025-03-07 04:23:00+00:00
2025-03-07 04:17:00+00:00,87223.18,TP,9,2025-03-07 04:26:00+00:00
2025-03-07 04:18:00+00:00,87268.0,TP,10,2025-03-07 04:28:00+00:00
2025-03-07 04:19:00+00:00,87202.2,TP,5,2025-03-07 04:24:00+00:00
2025-03-07 04:43:00+00:00,87715.58,TP,25,2025-03-07 05:08:00+00:00
2025-03-07 04:49:00+00:00,87702.01,TP,19,2025-03-07 05:08:00+00:00
2025-03-07 04:50:00+00:00,87635.0,TP,16,2025-03-07 05:06:00+00:00
2025-03-07 04:51:00+00:00,87590.01,TP,14,2025-03-07 05:05:00+00:00
2025-03-07 04:52:00+00:00,87563.0,TP,13,2025-03-07 05:05:00+00:00
2025-03-07 04:53:00+00:00,87602.61,TP,12,2025-03-07 05:05:00+00:00
2025-03-07 04:54:00+00:00,87621.06,TP,11,2025-03-07 05:05:00+00:00
2025-03-07 04:55:00+00:00,87669.63,TP,13,2025-03-07 05:08:00+00:00
2025-03-07 06:13:00+00:00,88052.38,TP,38,2025-03-07 06:51:00+00:00
2025-03-07 15:31:00+00:00,88772.0,TP,18,2025-03-07 15:49:00+00:00
2025-03-07 15:33:00+00:00,88700.0,TP,16,2025-03-07 15:49:00+00:00
2025-03-07 15:34:00+00:00,88562.24,TP,15,2025-03-07 15:49:00+00:00
2025-03-07 15:35:00+00:00,88248.95,TP,3,2025-03-07 15:38:00+00:00
2025-03-07 15:36:00+00:00,88182.52,TP,2,2025-03-07 15:38:00+00:00
2025-03-07 15:37:00+00:00,88320.86,TP,12,2025-03-07 15:49:00+00:00
2025-03-07 15:38:00+00:00,88493.77,TP,11,2025-03-07 15:49:00+00:00
2025-03-07 15:39:00+00:00,88271.35,TP,5,2025-03-07 15:44:00+00:00
2025-03-07 15:40:00+00:00,88343.99,TP,9,2025-03-07 15:49:00+00:00
2025-03-07 15:41:00+00:00,88321.66,TP,8,2025-03-07 15:49:00+00:00
2025-03-07 15:47:00+00:00,88265.75,TP,2,2025-03-07 15:49:00+00:00
2025-03-07 15:48:00+00:00,88330.9,TP,1,2025-03-07 15:49:00+00:00
2025-03-07 15:51:00+00:00,88580.77,TP,16,2025-03-07 16:07:00+00:00
2025-03-07 15:52:00+00:00,88530.85,TP,15,2025-03-07 16:07:00+00:00
2025-03-07 15:53:00+00:00,88517.98,TP,14,2025-03-07 16:07:00+00:00
2025-03-07 15:55:00+00:00,88571.74,TP,12,2025-03-07 16:07:00+00:00
2025-03-07 15:57:00+00:00,88481.96,TP,9,2025-03-07 16:06:00+00:00
2025-03-07 16:01:00+00:00,88354.69,TP,5,2025-03-07 16:06:00+00:00
2025-03-07 16:02:00+00:00,88251.35,TP,3,2025-03-07 16:05:00+00:00
2025-03-07 16:25:00+00:00,87289.54,TP,1,2025-03-07 16:26:00+00:00
2025-03-07 20:43:00+00:00,87403.78,TP,1,2025-03-07 20:44:00+00:00
2025-03-07 20:46:00+00:00,87661.98,TP,6,2025-03-07 20:52:00+00:00
2025-03-07 20:47:00+00:00,87560.58,TP,4,2025-03-07 20:51:00+00:00
2025-03-07 20:48:00+00:00,87514.45,TP,3,2025-03-07 20:51:00+00:00
2025-03-07 20:49:00+00:00,87548.43,TP,2,2025-03-07 20:51:00+00:00
2025-03-07 20:50:00+00:00,87629.99,TP,1,2025-03-07 20:51:00+00:00
2025-03-07 20:51:00+00:00,87879.99,TP,1,2025-03-07 20:52:00+00:00
2025-03-07 20:56:00+00:00,86775.84,TP,1,2025-03-07 20:57:00+00:00
2025-03-07 20:59:00+00:00,86987.72,TP,1,2025-03-07 21:00:00+00:00
2025-03-07 21:02:00+00:00,86997.73,TP,24,2025-03-07 21:26:00+00:00
2025-03-07 21:03:00+00:00,86935.56,TP,23,2025-03-07 21:26:00+00:00
2025-03-07 21:04:00+00:00,86899.82,TP,20,2025-03-07 21:24:00+00:00
2025-03-07 21:05:00+00:00,86202.81,TP,3,2025-03-07 21:08:00+00:00
2025-03-07 21:06:00+00:00,86089.42,TP,2,2025-03-07 21:08:00+00:00
2025-03-07 21:07:00+00:00,86265.29,TP,1,2025-03-07 21:08:00+00:00
2025-03-07 21:08:00+00:00,86500.01,TP,13,2025-03-07 21:21:00+00:00
2025-03-07 21:09:00+00:00,86281.48,TP,6,2025-03-07 21:15:00+00:00
2025-03-07 21:10:00+00:00,86175.82,TP,2,2025-03-07 21:12:00+00:00
2025-03-07 21:11:00+00:00,86199.03,TP,1,2025-03-07 21:12:00+00:00
2025-03-07 21:12:00+00:00,86483.62,TP,9,2025-03-07 21:21:00+00:00
2025-03-07 21:13:00+00:00,86360.68,TP,2,2025-03-07 21:15:00+00:00
2025-03-07 21:14:00+00:00,86343.04,TP,1,2025-03-07 21:15:00+00:00
2025-03-07 21:15:00+00:00,86671.5,TP,9,2025-03-07 21:24:00+00:00
2025-03-07 21:16:00+00:00,86352.96,TP,5,2025-03-07 21:21:00+00:00
2025-03-07 21:17:00+00:00,86384.22,TP,4,2025-03-07 21:21:00+00:00
2025-03-07 21:18:00+00:00,86311.15,TP,1,2025-03-07 21:19:00+00:00
2025-03-07 21:19:00+00:00,86534.69,TP,4,2025-03-07 21:23:00+00:00
2025-03-07 21:20:00+00:00,86469.96,TP,1,2025-03-07 21:21:00+00:00
2025-03-07 21:21:00+00:00,86737.67,TP,3,2025-03-07 21:24:00+00:00
2025-03-07 21:22:00+00:00,86706.17,TP,2,2025-03-07 21:24:00+00:00
2025-03-07 21:23:00+00:00,86888.16,TP,1,2025-03-07 21:24:00+00:00
2025-03-07 21:49:00+00:00,86442.63,TP,53,2025-03-07 22:42:00+00:00
2025-03-07 22:06:00+00:00,86004.11,TP,25,2025-03-07 22:31:00+00:00
2025-03-07 22:07:00+00:00,86069.36,TP,30,2025-03-07 22:37:00+00:00
2025-03-07 22:08:00+00:00,85959.78,TP,22,2025-03-07 22:30:00+00:00
2025-03-07 22:09:00+00:00,85934.65,TP,11,2025-03-07 22:20:00+00:00
2025-03-07 22:10:00+00:00,85689.6,TP,8,2025-03-07 22:18:00+00:00
2025-03-07 22:11:00+00:00,85865.07,TP,8,2025-03-07 22:19:00+00:00
2025-03-07 22:13:00+00:00,85839.87,TP,6,2025-03-07 22:19:00+00:00
2025-03-07 22:14:00+00:00,85899.15,TP,5,2025-03-07 22:19:00+00:00
2025-03-07 22:15:00+00:00,85810.76,TP,4,2025-03-07 22:19:00+00:00
2025-03-08 01:32:00+00:00,85733.14,TP,20,2025-03-08 01:52:00+00:00
2025-03-08 01:33:00+00:00,85310.02,TP,2,2025-03-08 01:35:00+00:00
2025-03-08 01:34:00+00:00,85410.55,TP,2,2025-03-08 01:36:00+00:00
2025-03-08 01:37:00+00:00,85526.59,TP,8,2025-03-08 01:45:00+00:00
2025-03-08 01:38:00+00:00,85548.19,TP,8,2025-03-08 01:46:00+00:00
2025-03-08 01:39:00+00:00,85450.01,TP,2,2025-03-08 01:41:00+00:00
2025-03-09 14:03:00+00:00,83248.33,TP,1,2025-03-09 14:04:00+00:00
2025-03-09 14:08:00+00:00,83370.26,TP,25,2025-03-09 14:33:00+00:00
2025-03-09 14:09:00+00:00,83369.06,TP,24,2025-03-09 14:33:00+00:00
2025-03-09 14:10:00+00:00,83123.94,TP,8,2025-03-09 14:18:00+00:00
2025-03-09 14:11:00+00:00,83207.65,TP,8,2025-03-09 14:19:00+00:00
2025-03-09 14:12:00+00:00,83330.07,TP,21,2025-03-09 14:33:00+00:00
2025-03-09 14:13:00+00:00,83234.05,TP,6,2025-03-09 14:19:00+00:00
2025-03-09 14:14:00+00:00,83119.39,TP,4,2025-03-09 14:18:00+00:00
2025-03-09 14:15:00+00:00,83166.81,TP,3,2025-03-09 14:18:00+00:00
2025-03-09 14:16:00+00:00,83129.53,TP,2,2025-03-09 14:18:00+00:00
2025-03-09 14:17:00+00:00,83257.87,TP,2,2025-03-09 14:19:00+00:00
2025-03-09 14:20:00+00:00,83377.1,TP,13,2025-03-09 14:33:00+00:00
2025-03-09 14:21:00+00:00,83391.38,TP,12,2025-03-09 14:33:00+00:00
2025-03-09 14:22:00+00:00,83283.94,TP,11,2025-03-09 14:33:00+00:00
2025-03-09 14:23:00+00:00,83339.99,TP,10,2025-03-09 14:33:00+00:00
2025-03-09 14:25:00+00:00,83304.39,TP,8,2025-03-09 14:33:00+00:00
2025-03-09 14:26:00+00:00,83301.91,TP,7,2025-03-09 14:33:00+00:00
2025-03-09 14:27:00+00:00,83257.35,TP,5,2025-03-09 14:32:00+00:00
2025-03-09 14:28:00+00:00,83300.58,TP,5,2025-03-09 14:33:00+00:00
2025-03-09 14:47:00+00:00,83314.29,TP,9,2025-03-09 14:56:00+00:00
2025-03-09 14:48:00+00:00,83280.97,TP,8,2025-03-09 14:56:00+00:00
2025-03-09 14:50:00+00:00,83290.01,TP,6,2025-03-09 14:56:00+00:00
2025-03-09 14:52:00+00:00,83283.33,TP,4,2025-03-09 14:56:00+00:00
2025-03-09 15:45:00+00:00,83216.19,TP,26,2025-03-09 16:11:00+00:00
2025-03-09 15:46:00+00:00,82849.99,TP,1,2025-03-09 15:47:00+00:00
2025-03-09 15:47:00+00:00,83079.4,TP,23,2025-03-09 16:10:00+00:00
2025-03-09 15:48:00+00:00,83081.22,TP,22,2025-03-09 16:10:00+00:00
2025-03-09 15:49:00+00:00,82962.42,TP,21,2025-03-09 16:10:00+00:00
2025-03-09 15:50:00+00:00,83038.15,TP,20,2025-03-09 16:10:00+00:00
2025-03-09 15:51:00+00:00,83092.89,TP,19,2025-03-09 16:10:00+00:00
2025-03-09 15:52:00+00:00,83087.35,TP,18,2025-03-09 16:10:00+00:00
2025-03-09 15:53:00+00:00,83004.13,TP,17,2025-03-09 16:10:00+00:00
2025-03-09 15:54:00+00:00,82992.29,TP,16,2025-03-09 16:10:00+00:00
2025-03-09 15:55:00+00:00,83051.79,TP,15,2025-03-09 16:10:00+00:00
2025-03-09 15:56:00+00:00,83030.16,TP,14,2025-03-09 16:10:00+00:00
2025-03-09 16:04:00+00:00,82906.07,TP,5,2025-03-09 16:09:00+00:00
2025-03-09 16:05:00+00:00,82840.03,TP,4,2025-03-09 16:09:00+00:00
2025-03-09 16:06:00+00:00,82852.56,TP,3,2025-03-09 16:09:00+00:00
2025-03-09 16:07:00+00:00,82859.68,TP,2,2025-03-09 16:09:00+00:00
2025-03-09 16:08:00+00:00,82914.84,TP,1,2025-03-09 16:09:00+00:00
2025-03-09 16:40:00+00:00,82594.71,TP,2,2025-03-09 16:42:00+00:00
2025-03-09 16:41:00+00:00,82613.78,TP,1,2025-03-09 16:42:00+00:00
2025-03-09 17:21:00+00:00,82283.11,TP,9,2025-03-09 17:30:00+00:00
2025-03-09 17:22:00+00:00,82296.01,TP,8,2025-03-09 17:30:00+00:00
2025-03-09 17:23:00+00:00,82224.01,TP,6,2025-03-09 17:29:00+00:00
2025-03-09 17:24:00+00:00,82270.81,TP,6,2025-03-09 17:30:00+00:00
2025-03-09 17:27:00+00:00,82278.0,TP,3,2025-03-09 17:30:00+00:00
2025-03-09 17:41:00+00:00,82285.09,TP,6,2025-03-09 17:47:00+00:00
2025-03-09 17:44:00+00:00,82320.88,TP,3,2025-03-09 17:47:00+00:00
2025-03-09 17:45:00+00:00,82324.0,TP,2,2025-03-09 17:47:00+00:00
2025-03-09 17:54:00+00:00,82349.99,TP,9,2025-03-09 18:03:00+00:00
2025-03-09 17:55:00+00:00,82392.0,TP,8,2025-03-09 18:03:00+00:00
2025-03-09 17:56:00+00:00,82295.67,TP,7,2025-03-09 18:03:00+00:00
2025-03-09 17:57:00+00:00,82278.0,TP,6,2025-03-09 18:03:00+00:00
2025-03-09 17:58:00+00:00,82310.56,TP,5,2025-03-09 18:03:00+00:00
2025-03-09 17:59:00+00:00,82366.0,TP,4,2025-03-09 18:03:00+00:00
2025-03-09 18:01:00+00:00,82320.01,TP,2,2025-03-09 18:03:00+00:00
2025-03-09 23:06:00+00:00,80025.69,TP,3,2025-03-09 23:09:00+00:00
2025-03-10 00:27:00+00:00,80616.01,TP,16,2025-03-10 00:43:00+00:00
2025-03-10 00:28:00+00:00,80596.0,TP,15,2025-03-10 00:43:00+00:00
2025-03-10 00:30:00+00:00,80424.94,TP,12,2025-03-10 00:42:00+00:00
2025-03-10 00:31:00+00:00,80325.67,TP,11,2025-03-10 00:42:00+00:00
2025-03-10 00:32:00+00:00,80210.41,TP,10,2025-03-10 00:42:00+00:00
2025-03-10 00:33:00+00:00,80195.24,TP,8,2025-03-10 00:41:00+00:00
2025-03-10 00:34:00+00:00,80133.42,TP,6,2025-03-10 00:40:00+00:00
2025-03-10 00:35:00+00:00,80176.01,TP,6,2025-03-10 00:41:00+00:00
2025-03-10 00:36:00+00:00,80278.01,TP,6,2025-03-10 00:42:00+00:00
2025-03-10 00:37:00+00:00,80204.0,TP,4,2025-03-10 00:41:00+00:00
2025-03-10 00:38:00+00:00,80192.0,TP,3,2025-03-10 00:41:00+00:00
2025-03-10 00:39:00+00:00,80214.85,TP,3,2025-03-10 00:42:00+00:00
2025-03-10 00:40:00+00:00,80348.0,TP,2,2025-03-10 00:42:00+00:00
2025-03-10 14:03:00+00:00,80585.63,TP,91,2025-03-10 15:34:00+00:00
2025-03-10 14:04:00+00:00,80749.47,TP,93,2025-03-10 15:37:00+00:00
2025-03-10 14:05:00+00:00,80552.07,TP,3,2025-03-10 14:08:00+00:00
2025-03-10 14:06:00+00:00,80750.0,TP,91,2025-03-10 15:37:00+00:00
2025-03-10 14:07:00+00:00,80702.0,TP,87,2025-03-10 15:34:00+00:00
2025-03-10 14:08:00+00:00,80785.34,TP,89,2025-03-10 15:37:00+00:00
2025-03-10 14:09:00+00:00,80590.0,TP,85,2025-03-10 15:34:00+00:00
2025-03-10 14:10:00+00:00,80438.0,TP,83,2025-03-10 15:33:00+00:00
2025-03-10 14:11:00+00:00,80419.99,TP,82,2025-03-10 15:33:00+00:00
2025-03-10 14:12:00+00:00,80315.05,TP,79,2025-03-10 15:31:00+00:00
2025-03-10 14:13:00+00:00,80296.95,TP,78,2025-03-10 15:31:00+00:00
2025-03-10 14:14:00+00:00,80162.28,TP,11,2025-03-10 14:25:00+00:00
2025-03-10 14:15:00+00:00,80086.21,TP,9,2025-03-10 14:24:00+00:00
2025-03-10 14:16:00+00:00,79874.57,TP,8,2025-03-10 14:24:00+00:00
2025-03-10 14:17:00+00:00,79682.0,TP,6,2025-03-10 14:23:00+00:00
2025-03-10 14:18:00+00:00,79364.02,TP,1,2025-03-10 14:19:00+00:00
2025-03-10 14:19:00+00:00,79733.99,TP,4,2025-03-10 14:23:00+00:00
2025-03-10 14:20:00+00:00,79550.5,TP,1,2025-03-10 14:21:00+00:00
2025-03-10 14:21:00+00:00,79855.7,TP,3,2025-03-10 14:24:00+00:00
2025-03-10 14:22:00+00:00,79776.63,TP,2,2025-03-10 14:24:00+00:00
2025-03-10 14:23:00+00:00,79943.04,TP,1,2025-03-10 14:24:00+00:00
2025-03-10 14:24:00+00:00,80315.57,TP,67,2025-03-10 15:31:00+00:00
2025-03-10 14:25:00+00:00,80442.24,TP,68,2025-03-10 15:33:00+00:00
2025-03-10 14:26:00+00:00,80428.0,TP,67,2025-03-10 15:33:00+00:00
2025-03-10 14:27:00+00:00,80171.02,TP,58,2025-03-10 15:25:00+00:00
2025-03-10 14:28:00+00:00,80244.05,TP,63,2025-03-10 15:31:00+00:00
2025-03-10 14:29:00+00:00,79882.35,TP,1,2025-03-10 14:30:00+00:00
2025-03-10 14:30:00+00:00,80133.22,TP,54,2025-03-10 15:24:00+00:00
2025-03-10 14:31:00+00:00,80149.25,TP,54,2025-03-10 15:25:00+00:00
2025-03-10 14:32:00+00:00,80068.69,TP,6,2025-03-10 14:38:00+00:00
2025-03-10 14:33:00+00:00,79731.4,TP,4,2025-03-10 14:37:00+00:00
2025-03-10 14:34:00+00:00,79778.83,TP,3,2025-03-10 14:37:00+00:00
2025-03-10 14:35:00+00:00,79683.99,TP,2,2025-03-10 14:37:00+00:00
2025-03-10 14:36:00+00:00,79807.11,TP,1,2025-03-10 14:37:00+00:00
2025-03-10 14:37:00+00:00,80065.39,TP,1,2025-03-10 14:38:00+00:00
2025-03-10 14:39:00+00:00,80012.66,TP,35,2025-03-10 15:14:00+00:00
2025-03-10 14:40:00+00:00,79928.3,TP,29,2025-03-10 15:09:00+00:00
2025-03-10 14:41:00+00:00,79904.92,TP,26,2025-03-10 15:07:00+00:00
2025-03-10 14:42:00+00:00,80017.33,TP,32,2025-03-10 15:14:00+00:00
2025-03-10 14:43:00+00:00,79859.37,TP,24,2025-03-10 15:07:00+00:00
2025-03-10 14:44:00+00:00,79717.12,TP,17,2025-03-10 15:01:00+00:00
2025-03-10 14:45:00+00:00,79579.9,TP,3,2025-03-10 14:48:00+00:00
2025-03-10 14:46:00+00:00,79519.14,TP,1,2025-03-10 14:47:00+00:00
2025-03-10 14:47:00+00:00,79727.82,TP,14,2025-03-10 15:01:00+00:00
2025-03-10 14:48:00+00:00,79805.37,TP,13,2025-03-10 15:01:00+00:00
2025-03-10 14:49:00+00:00,79679.96,TP,12,2025-03-10 15:01:00+00:00
2025-03-10 14:50:00+00:00,79459.31,TP,9,2025-03-10 14:59:00+00:00
2025-03-10 14:51:00+00:00,79540.0,TP,8,2025-03-10 14:59:00+00:00
2025-03-10 14:52:00+00:00,79408.89,TP,7,2025-03-10 14:59:00+00:00
2025-03-10 14:53:00+00:00,79530.42,TP,6,2025-03-10 14:59:00+00:00
2025-03-10 14:54:00+00:00,79435.22,TP,5,2025-03-10 14:59:00+00:00
2025-03-10 14:55:00+00:00,79406.6,TP,4,2025-03-10 14:59:00+00:00
2025-03-10 14:57:00+00:00,79450.83,TP,2,2025-03-10 14:59:00+00:00
2025-03-10 14:58:00+00:00,79521.56,TP,1,2025-03-10 14:59:00+00:00
2025-03-10 15:17:00+00:00,80203.79,TP,13,2025-03-10 15:30:00+00:00
2025-03-10 15:18:00+00:00,80086.85,TP,6,2025-03-10 15:24:00+00:00
2025-03-10 15:19:00+00:00,80011.61,TP,5,2025-03-10 15:24:00+00:00
2025-03-10 15:20:00+00:00,80021.99,TP,4,2025-03-10 15:24:00+00:00
2025-03-10 15:21:00+00:00,79984.72,TP,3,2025-03-10 15:24:00+00:00
2025-03-10 15:22:00+00:00,80020.01,TP,2,2025-03-10 15:24:00+00:00
2025-03-10 15:23:00+00:00,80161.35,TP,2,2025-03-10 15:25:00+00:00
2025-03-10 15:24:00+00:00,80343.75,TP,8,2025-03-10 15:32:00+00:00
2025-03-10 15:25:00+00:00,80399.79,TP,8,2025-03-10 15:33:00+00:00
2025-03-10 15:26:00+00:00,80371.86,TP,6,2025-03-10 15:32:00+00:00
2025-03-10 15:27:00+00:00,80210.62,TP,3,2025-03-10 15:30:00+00:00
2025-03-10 15:28:00+00:00,80273.74,TP,3,2025-03-10 15:31:00+00:00
2025-03-10 15:29:00+00:00,80264.02,TP,2,2025-03-10 15:31:00+00:00
2025-03-10 15:30:00+00:00,80414.35,TP,3,2025-03-10 15:33:00+00:00
2025-03-10 16:03:00+00:00,79936.12,TP,738,2025-03-11 04:21:00+00:00
2025-03-10 16:04:00+00:00,79982.38,TP,787,2025-03-11 05:11:00+00:00
2025-03-10 16:05:00+00:00,79874.01,TP,735,2025-03-11 04:20:00+00:00
2025-03-10 16:06:00+00:00,79803.43,TP,8,2025-03-10 16:14:00+00:00
2025-03-10 16:07:00+00:00,79672.01,TP,3,2025-03-10 16:10:00+00:00
2025-03-10 16:08:00+00:00,79664.53,TP,2,2025-03-10 16:10:00+00:00
2025-03-10 16:09:00+00:00,79761.9,TP,5,2025-03-10 16:14:00+00:00
2025-03-10 16:11:00+00:00,79916.13,TP,729,2025-03-11 04:20:00+00:00
2025-03-10 16:12:00+00:00,79825.22,TP,727,2025-03-11 04:19:00+00:00
2025-03-10 16:16:00+00:00,79711.29,TP,721,2025-03-11 04:17:00+00:00
2025-03-10 16:17:00+00:00,79720.02,TP,720,2025-03-11 04:17:00+00:00
2025-03-10 16:18:00+00:00,79593.22,TP,318,2025-03-10 21:36:00+00:00
2025-03-10 16:19:00+00:00,79672.3,TP,318,2025-03-10 21:37:00+00:00
2025-03-10 16:20:00+00:00,79688.8,TP,715,2025-03-11 04:15:00+00:00
2025-03-10 16:21:00+00:00,79563.48,TP,10,2025-03-10 16:31:00+00:00
2025-03-10 16:22:00+00:00,79476.06,TP,9,2025-03-10 16:31:00+00:00
2025-03-10 16:23:00+00:00,79337.98,TP,2,2025-03-10 16:25:00+00:00
2025-03-10 16:24:00+00:00,79493.22,TP,7,2025-03-10 16:31:00+00:00
2025-03-10 16:36:00+00:00,79510.94,TP,300,2025-03-10 21:36:00+00:00
2025-03-10 16:37:00+00:00,79376.1,TP,259,2025-03-10 20:56:00+00:00
2025-03-10 16:38:00+00:00,79348.51,TP,258,2025-03-10 20:56:00+00:00
2025-03-10 16:39:00+00:00,79256.79,TP,3,2025-03-10 16:42:00+00:00
2025-03-10 16:40:00+00:00,79300.34,TP,256,2025-03-10 20:56:00+00:00
2025-03-10 16:41:00+00:00,79369.99,TP,255,2025-03-10 20:56:00+00:00
2025-03-10 16:42:00+00:00,79476.06,TP,294,2025-03-10 21:36:00+00:00
2025-03-10 16:43:00+00:00,79472.93,TP,293,2025-03-10 21:36:00+00:00
2025-03-10 16:44:00+00:00,79345.99,TP,252,2025-03-10 20:56:00+00:00
2025-03-10 16:45:00+00:00,79451.46,TP,267,2025-03-10 21:12:00+00:00
2025-03-10 16:46:00+00:00,79385.14,TP,250,2025-03-10 20:56:00+00:00
2025-03-10 16:47:00+00:00,79389.18,TP,249,2025-03-10 20:56:00+00:00
2025-03-10 16:48:00+00:00,79257.43,TP,166,2025-03-10 19:34:00+00:00
2025-03-10 16:49:00+00:00,79246.86,TP,165,2025-03-10 19:34:00+00:00
2025-03-10 16:50:00+00:00,79110.01,TP,6,2025-03-10 16:56:00+00:00
2025-03-10 16:51:00+00:00,79106.01,TP,5,2025-03-10 16:56:00+00:00
2025-03-10 16:52:00+00:00,79045.39,TP,4,2025-03-10 16:56:00+00:00
2025-03-10 16:53:00+00:00,79211.98,TP,161,2025-03-10 19:34:00+00:00
2025-03-10 16:54:00+00:00,79179.25,TP,160,2025-03-10 19:34:00+00:00
2025-03-10 16:55:00+00:00,79184.22,TP,159,2025-03-10 19:34:00+00:00
2025-03-10 16:56:00+00:00,79348.45,TP,240,2025-03-10 20:56:00+00:00
2025-03-10 16:57:00+00:00,79275.57,TP,237,2025-03-10 20:54:00+00:00
2025-03-10 16:58:00+00:00,79138.49,TP,156,2025-03-10 19:34:00+00:00
2025-03-10 16:59:00+00:00,79009.98,TP,23,2025-03-10 17:22:00+00:00
2025-03-10 17:00:00+00:00,79085.76,TP,22,2025-03-10 17:22:00+00:00
2025-03-10 17:01:00+00:00,78960.0,TP,21,2025-03-10 17:22:00+00:00
2025-03-10 17:02:00+00:00,78883.27,TP,20,2025-03-10 17:22:00+00:00
2025-03-10 17:03:00+00:00,78653.86,TP,13,2025-03-10 17:16:00+00:00
2025-03-10 17:04:00+00:00,78561.78,TP,11,2025-03-10 17:15:00+00:00
2025-03-10 17:05:00+00:00,78593.96,TP,10,2025-03-10 17:15:00+00:00
2025-03-10 17:06:00+00:00,78463.82,TP,3,2025-03-10 17:09:00+00:00
2025-03-10 17:07:00+00:00,78487.04,TP,3,2025-03-10 17:10:00+00:00
2025-03-10 17:08:00+00:00,78592.42,TP,7,2025-03-10 17:15:00+00:00
2025-03-10 17:09:00+00:00,78659.99,TP,7,2025-03-10 17:16:00+00:00
2025-03-10 17:10:00+00:00,78700.35,TP,6,2025-03-10 17:16:00+00:00
2025-03-10 17:11:00+00:00,78450.0,TP,4,2025-03-10 17:15:00+00:00
2025-03-10 17:12:00+00:00,78384.0,TP,2,2025-03-10 17:14:00+00:00
2025-03-10 17:13:00+00:00,78437.61,TP,2,2025-03-10 17:15:00+00:00
2025-03-10 17:14:00+00:00,78599.02,TP,1,2025-03-10 17:15:00+00:00
2025-03-10 17:15:00+00:00,78798.0,TP,2,2025-03-10 17:17:00+00:00
2025-03-10 17:16:00+00:00,78914.72,TP,6,2025-03-10 17:22:00+00:00
2025-03-10 17:17:00+00:00,79077.42,TP,5,2025-03-10 17:22:00+00:00
2025-03-10 17:18:00+00:00,79035.26,TP,4,2025-03-10 17:22:00+00:00
2025-03-10 17:19:00+00:00,79000.01,TP,3,2025-03-10 17:22:00+00:00
2025-03-10 17:20:00+00:00,78919.87,TP,2,2025-03-10 17:22:00+00:00
2025-03-10 17:21:00+00:00,79059.12,TP,1,2025-03-10 17:22:00+00:00
2025-03-10 17:22:00+00:00,79288.3,TP,214,2025-03-10 20:56:00+00:00
2025-03-10 17:23:00+00:00,79230.34,TP,131,2025-03-10 19:34:00+00:00
2025-03-10 17:24:00+00:00,79127.71,TP,130,2025-03-10 19:34:00+00:00
2025-03-10 17:25:00+00:00,79044.74,TP,129,2025-03-10 19:34:00+00:00
2025-03-10 17:26:00+00:00,79160.0,TP,128,2025-03-10 19:34:00+00:00
2025-03-10 17:27:00+00:00,79128.12,TP,127,2025-03-10 19:34:00+00:00
2025-03-10 17:28:00+00:00,79054.52,TP,126,2025-03-10 19:34:00+00:00
2025-03-10 17:29:00+00:00,79071.14,TP,125,2025-03-10 19:34:00+00:00
2025-03-10 17:30:00+00:00,79009.61,TP,123,2025-03-10 19:33:00+00:00
2025-03-10 17:31:00+00:00,78925.44,TP,122,2025-03-10 19:33:00+00:00
2025-03-10 17:32:00+00:00,78874.0,TP,121,2025-03-10 19:33:00+00:00
2025-03-10 17:33:00+00:00,78934.88,TP,120,2025-03-10 19:33:00+00:00
2025-03-10 17:34:00+00:00,78762.0,TP,38,2025-03-10 18:12:00+00:00
2025-03-10 17:35:00+00:00,78703.57,TP,37,2025-03-10 18:12:00+00:00
2025-03-10 17:36:00+00:00,78553.32,TP,9,2025-03-10 17:45:00+00:00
2025-03-10 17:37:00+00:00,78592.45,TP,8,2025-03-10 17:45:00+00:00
2025-03-10 17:38:00+00:00,78677.62,TP,34,2025-03-10 18:12:00+00:00
2025-03-10 17:39:00+00:00,78644.75,TP,33,2025-03-10 18:12:00+00:00
2025-03-10 17:40:00+00:00,78524.21,TP,5,2025-03-10 17:45:00+00:00
2025-03-10 17:41:00+00:00,78613.99,TP,30,2025-03-10 18:11:00+00:00
2025-03-10 17:42:00+00:00,78590.29,TP,3,2025-03-10 17:45:00+00:00
2025-03-10 17:43:00+00:00,78682.83,TP,29,2025-03-10 18:12:00+00:00
2025-03-10 17:44:00+00:00,78631.17,TP,28,2025-03-10 18:12:00+00:00
2025-03-10 17:45:00+00:00,78798.42,TP,27,2025-03-10 18:12:00+00:00
2025-03-10 17:46:00+00:00,78553.98,TP,25,2025-03-10 18:11:00+00:00
2025-03-10 17:47:00+00:00,78520.53,TP,24,2025-03-10 18:11:00+00:00
2025-03-10 17:48:00+00:00,78423.13,TP,14,2025-03-10 18:02:00+00:00
2025-03-10 17:49:00+00:00,78511.4,TP,22,2025-03-10 18:11:00+00:00
2025-03-10 17:50:00+00:00,78383.4,TP,12,2025-03-10 18:02:00+00:00
2025-03-10 17:51:00+00:00,78460.0,TP,11,2025-03-10 18:02:00+00:00
2025-03-10 17:52:00+00:00,78383.45,TP,10,2025-03-10 18:02:00+00:00
2025-03-10 17:53:00+00:00,78468.01,TP,9,2025-03-10 18:02:00+00:00
2025-03-10 17:54:00+00:00,78445.4,TP,8,2025-03-10 18:02:00+00:00
2025-03-10 17:55:00+00:00,78308.02,TP,2,2025-03-10 17:57:00+00:00
2025-03-10 17:56:00+00:00,78399.91,TP,6,2025-03-10 18:02:00+00:00
2025-03-10 17:57:00+00:00,78559.89,TP,14,2025-03-10 18:11:00+00:00
2025-03-10 17:58:00+00:00,78546.99,TP,13,2025-03-10 18:11:00+00:00
2025-03-10 17:59:00+00:00,78459.91,TP,3,2025-03-10 18:02:00+00:00
2025-03-10 18:00:00+00:00,78435.07,TP,2,2025-03-10 18:02:00+00:00
2025-03-10 18:01:00+00:00,78480.01,TP,1,2025-03-10 18:02:00+00:00
2025-03-10 18:02:00+00:00,78699.91,TP,10,2025-03-10 18:12:00+00:00
2025-03-10 18:03:00+00:00,78559.72,TP,8,2025-03-10 18:11:00+00:00
2025-03-10 18:04:00+00:00,78623.99,TP,8,2025-03-10 18:12:00+00:00
2025-03-10 18:05:00+00:00,78585.52,TP,6,2025-03-10 18:11:00+00:00
2025-03-10 18:06:00+00:00,78385.98,TP,5,2025-03-10 18:11:00+00:00
2025-03-10 18:07:00+00:00,78235.28,TP,4,2025-03-10 18:11:00+00:00
2025-03-10 18:08:00+00:00,78182.02,TP,2,2025-03-10 18:10:00+00:00
2025-03-10 18:09:00+00:00,78294.44,TP,2,2025-03-10 18:11:00+00:00
2025-03-10 18:10:00+00:00,78403.28,TP,1,2025-03-10 18:11:00+00:00
2025-03-10 18:11:00+00:00,78815.89,TP,1,2025-03-10 18:12:00+00:00
2025-03-10 18:12:00+00:00,79054.01,TP,82,2025-03-10 19:34:00+00:00
2025-03-10 18:13:00+00:00,78661.71,TP,77,2025-03-10 19:30:00+00:00
2025-03-10 18:14:00+00:00,78820.15,TP,79,2025-03-10 19:33:00+00:00
2025-03-10 18:15:00+00:00,78850.93,TP,78,2025-03-10 19:33:00+00:00
2025-03-10 18:16:00+00:00,78740.0,TP,75,2025-03-10 19:31:00+00:00
2025-03-10 18:17:00+00:00,78649.99,TP,73,2025-03-10 19:30:00+00:00
2025-03-10 18:18:00+00:00,78655.98,TP,72,2025-03-10 19:30:00+00:00
2025-03-10 18:19:00+00:00,78493.61,TP,66,2025-03-10 19:25:00+00:00
2025-03-10 18:20:00+00:00,78599.23,TP,65,2025-03-10 19:25:00+00:00
2025-03-10 18:21:00+00:00,78595.01,TP,64,2025-03-10 19:25:00+00:00
2025-03-10 18:22:00+00:00,78532.0,TP,63,2025-03-10 19:25:00+00:00
2025-03-10 18:23:00+00:00,78413.47,TP,7,2025-03-10 18:30:00+00:00
2025-03-10 18:24:00+00:00,78438.0,TP,6,2025-03-10 18:30:00+00:00
2025-03-10 18:25:00+00:00,78377.09,TP,5,2025-03-10 18:30:00+00:00
2025-03-10 18:26:00+00:00,78280.0,TP,3,2025-03-10 18:29:00+00:00
2025-03-10 18:27:00+00:00,78349.93,TP,3,2025-03-10 18:30:00+00:00
2025-03-10 18:28:00+00:00,78339.91,TP,2,2025-03-10 18:30:00+00:00
2025-03-10 18:29:00+00:00,78511.2,TP,56,2025-03-10 19:25:00+00:00
2025-03-10 18:30:00+00:00,78682.79,TP,60,2025-03-10 19:30:00+00:00
2025-03-10 18:31:00+00:00,78680.0,TP,59,2025-03-10 19:30:00+00:00
2025-03-10 18:32:00+00:00,78402.92,TP,52,2025-03-10 19:24:00+00:00
2025-03-10 18:33:00+00:00,78425.13,TP,51,2025-03-10 19:24:00+00:00
2025-03-10 18:34:00+00:00,78326.02,TP,9,2025-03-10 18:43:00+00:00
2025-03-10 18:35:00+00:00,78243.32,TP,7,2025-03-10 18:42:00+00:00
2025-03-10 18:36:00+00:00,78330.17,TP,7,2025-03-10 18:43:00+00:00
2025-03-10 18:37:00+00:00,78279.9,TP,5,2025-03-10 18:42:00+00:00
2025-03-10 18:38:00+00:00,78215.42,TP,4,2025-03-10 18:42:00+00:00
2025-03-10 18:39:00+00:00,78228.56,TP,3,2025-03-10 18:42:00+00:00
2025-03-10 18:40:00+00:00,78409.51,TP,44,2025-03-10 19:24:00+00:00
2025-03-10 18:41:00+00:00,78310.92,TP,1,2025-03-10 18:42:00+00:00
2025-03-10 18:42:00+00:00,78516.93,TP,43,2025-03-10 19:25:00+00:00
2025-03-10 18:43:00+00:00,78572.62,TP,42,2025-03-10 19:25:00+00:00
2025-03-10 18:44:00+00:00,78579.44,TP,41,2025-03-10 19:25:00+00:00
2025-03-10 18:45:00+00:00,78532.76,TP,40,2025-03-10 19:25:00+00:00
2025-03-10 18:46:00+00:00,78380.0,TP,38,2025-03-10 19:24:00+00:00
2025-03-10 18:47:00+00:00,78371.66,TP,37,2025-03-10 19:24:00+00:00
2025-03-10 18:48:00+00:00,78274.47,TP,36,2025-03-10 19:24:00+00:00
2025-03-10 18:49:00+00:00,78239.99,TP,34,2025-03-10 19:23:00+00:00
2025-03-10 18:50:00+00:00,78313.08,TP,34,2025-03-10 19:24:00+00:00
2025-03-10 18:51:00+00:00,78239.99,TP,32,2025-03-10 19:23:00+00:00
2025-03-10 18:52:00+00:00,78198.0,TP,31,2025-03-10 19:23:00+00:00
2025-03-10 18:53:00+00:00,78000.0,TP,22,2025-03-10 19:15:00+00:00
2025-03-10 18:54:00+00:00,77840.0,TP,21,2025-03-10 19:15:00+00:00
2025-03-10 18:55:00+00:00,77827.19,TP,20,2025-03-10 19:15:00+00:00
2025-03-10 18:56:00+00:00,77788.97,TP,18,2025-03-10 19:14:00+00:00
2025-03-10 18:57:00+00:00,77679.49,TP,3,2025-03-10 19:00:00+00:00
2025-03-10 18:58:00+00:00,77608.0,TP,2,2025-03-10 19:00:00+00:00
2025-03-10 18:59:00+00:00,77655.26,TP,1,2025-03-10 19:00:00+00:00
2025-03-10 19:00:00+00:00,77904.13,TP,15,2025-03-10 19:15:00+00:00
2025-03-10 19:01:00+00:00,77873.29,TP,14,2025-03-10 19:15:00+00:00
2025-03-10 19:02:00+00:00,77752.02,TP,12,2025-03-10 19:14:00+00:00
2025-03-10 19:03:00+00:00,77610.02,TP,9,2025-03-10 19:12:00+00:00
2025-03-10 19:04:00+00:00,77546.27,TP,3,2025-03-10 19:07:00+00:00
2025-03-10 19:05:00+00:00,77628.0,TP,7,2025-03-10 19:12:00+00:00
2025-03-10 19:06:00+00:00,77664.48,TP,6,2025-03-10 19:12:00+00:00
2025-03-10 19:07:00+00:00,77789.6,TP,7,2025-03-10 19:14:00+00:00
2025-03-10 19:08:00+00:00,77588.57,TP,4,2025-03-10 19:12:00+00:00
2025-03-10 19:09:00+00:00,77738.01,TP,4,2025-03-10 19:13:00+00:00
2025-03-10 19:10:00+00:00,77717.36,TP,2,2025-03-10 19:12:00+00:00
2025-03-10 19:11:00+00:00,77711.58,TP,1,2025-03-10 19:12:00+00:00
2025-03-10 19:12:00+00:00,77926.0,TP,3,2025-03-10 19:15:00+00:00
2025-03-10 19:13:00+00:00,77938.0,TP,2,2025-03-10 19:15:00+00:00
2025-03-10 19:14:00+00:00,78006.17,TP,1,2025-03-10 19:15:00+00:00
2025-03-10 19:15:00+00:00,78335.7,TP,9,2025-03-10 19:24:00+00:00
2025-03-10 19:16:00+00:00,78323.0,TP,8,2025-03-10 19:24:00+00:00
2025-03-10 19:17:00+00:00,78160.89,TP,2,2025-03-10 19:19:00+00:00
2025-03-10 19:18:00+00:00,78278.69,TP,6,2025-03-10 19:24:00+00:00
2025-03-10 19:19:00+00:00,78370.2,TP,5,2025-03-10 19:24:00+00:00
2025-03-10 19:20:00+00:00,78370.0,TP,4,2025-03-10 19:24:00+00:00
2025-03-10 19:21:00+00:00,78291.97,TP,3,2025-03-10 19:24:00+00:00
2025-03-10 19:22:00+00:00,78250.09,TP,1,2025-03-10 19:23:00+00:00
2025-03-10 19:23:00+00:00,78445.99,TP,1,2025-03-10 19:24:00+00:00
2025-03-10 19:24:00+00:00,78670.18,TP,6,2025-03-10 19:30:00+00:00
2025-03-10 19:25:00+00:00,78839.38,TP,8,2025-03-10 19:33:00+00:00
2025-03-10 19:26:00+00:00,78830.78,TP,7,2025-03-10 19:33:00+00:00
2025-03-10 19:27:00+00:00,78825.97,TP,6,2025-03-10 19:33:00+00:00
2025-03-10 19:28:00+00:00,78842.79,TP,5,2025-03-10 19:33:00+00:00
2025-03-10 19:29:00+00:00,78587.41,TP,1,2025-03-10 19:30:00+00:00
2025-03-10 19:30:00+00:00,78933.51,TP,3,2025-03-10 19:33:00+00:00
2025-03-10 19:31:00+00:00,78968.95,TP,2,2025-03-10 19:33:00+00:00
2025-03-10 19:32:00+00:00,78985.33,TP,1,2025-03-10 19:33:00+00:00
2025-03-10 19:33:00+00:00,79215.9,TP,1,2025-03-10 19:34:00+00:00
2025-03-10 19:34:00+00:00,79460.01,TP,100,2025-03-10 21:14:00+00:00
2025-03-10 19:35:00+00:00,79318.76,TP,81,2025-03-10 20:56:00+00:00
2025-03-10 19:36:00+00:00,79217.44,TP,78,2025-03-10 20:54:00+00:00
2025-03-10 19:37:00+00:00,79134.0,TP,75,2025-03-10 20:52:00+00:00
2025-03-10 19:38:00+00:00,79233.99,TP,76,2025-03-10 20:54:00+00:00
2025-03-10 19:39:00+00:00,79309.22,TP,77,2025-03-10 20:56:00+00:00
2025-03-10 19:40:00+00:00,79081.12,TP,72,2025-03-10 20:52:00+00:00
2025-03-10 19:41:00+00:00,79045.87,TP,71,2025-03-10 20:52:00+00:00
2025-03-10 19:42:00+00:00,78802.88,TP,8,2025-03-10 19:50:00+00:00
2025-03-10 19:43:00+00:00,78849.98,TP,7,2025-03-10 19:50:00+00:00
2025-03-10 19:44:00+00:00,78739.16,TP,6,2025-03-10 19:50:00+00:00
2025-03-10 19:45:00+00:00,78892.48,TP,5,2025-03-10 19:50:00+00:00
2025-03-10 19:46:00+00:00,78726.01,TP,3,2025-03-10 19:49:00+00:00
2025-03-10 19:47:00+00:00,78781.07,TP,3,2025-03-10 19:50:00+00:00
2025-03-10 19:48:00+00:00,78800.01,TP,2,2025-03-10 19:50:00+00:00
2025-03-10 19:49:00+00:00,78926.87,TP,1,2025-03-10 19:50:00+00:00
2025-03-10 19:50:00+00:00,79154.0,TP,62,2025-03-10 20:52:00+00:00
2025-03-10 19:51:00+00:00,79099.99,TP,61,2025-03-10 20:52:00+00:00
2025-03-10 19:52:00+00:00,79093.71,TP,60,2025-03-10 20:52:00+00:00
2025-03-10 19:53:00+00:00,78944.69,TP,3,2025-03-10 19:56:00+00:00
2025-03-10 19:54:00+00:00,78960.71,TP,58,2025-03-10 20:52:00+00:00
2025-03-10 19:55:00+00:00,79129.1,TP,57,2025-03-10 20:52:00+00:00
2025-03-10 19:57:00+00:00,79075.8,TP,55,2025-03-10 20:52:00+00:00
2025-03-10 19:58:00+00:00,78967.66,TP,54,2025-03-10 20:52:00+00:00
2025-03-10 19:59:00+00:00,79060.84,TP,53,2025-03-10 20:52:00+00:00
2025-03-10 20:00:00+00:00,78891.56,TP,30,2025-03-10 20:30:00+00:00
2025-03-11 00:32:00+00:00,77266.41,TP,26,2025-03-11 00:58:00+00:00
2025-03-11 00:33:00+00:00,77157.54,TP,3,2025-03-11 00:36:00+00:00
2025-03-11 00:34:00+00:00,77063.55,TP,2,2025-03-11 00:36:00+00:00
2025-03-11 00:35:00+00:00,76949.3,TP,1,2025-03-11 00:36:00+00:00
2025-03-11 00:36:00+00:00,77452.68,TP,23,2025-03-11 00:59:00+00:00
2025-03-11 00:37:00+00:00,77030.06,TP,18,2025-03-11 00:55:00+00:00
2025-03-11 00:38:00+00:00,76903.36,TP,10,2025-03-11 00:48:00+00:00
2025-03-11 00:39:00+00:00,76938.95,TP,15,2025-03-11 00:54:00+00:00
2025-03-11 00:40:00+00:00,76955.69,TP,14,2025-03-11 00:54:00+00:00
2025-03-11 00:41:00+00:00,76923.2,TP,7,2025-03-11 00:48:00+00:00
2025-03-11 00:42:00+00:00,77034.76,TP,13,2025-03-11 00:55:00+00:00
2025-03-11 00:43:00+00:00,76889.48,TP,5,2025-03-11 00:48:00+00:00
2025-03-11 00:44:00+00:00,76814.75,TP,2,2025-03-11 00:46:00+00:00
2025-03-11 00:45:00+00:00,76839.98,TP,3,2025-03-11 00:48:00+00:00
2025-03-11 00:46:00+00:00,77016.05,TP,9,2025-03-11 00:55:00+00:00
2025-03-11 00:47:00+00:00,76899.98,TP,1,2025-03-11 00:48:00+00:00
2025-03-11 00:49:00+00:00,76939.91,TP,5,2025-03-11 00:54:00+00:00
2025-03-11 00:50:00+00:00,76920.65,TP,4,2025-03-11 00:54:00+00:00
2025-03-11 00:51:00+00:00,76626.01,TP,1,2025-03-11 00:52:00+00:00
2025-03-11 01:06:00+00:00,76924.0,TP,1,2025-03-11 01:07:00+00:00
2025-03-11 01:08:00+00:00,77081.99,TP,3,2025-03-11 01:11:00+00:00
2025-03-11 01:09:00+00:00,76987.15,TP,1,2025-03-11 01:10:00+00:00
2025-03-11 14:05:00+00:00,80393.54,TP,1,2025-03-11 14:06:00+00:00
2025-03-11 14:39:00+00:00,79408.44,TP,7,2025-03-11 14:46:00+00:00
2025-03-11 14:40:00+00:00,79369.49,TP,6,2025-03-11 14:46:00+00:00
2025-03-11 14:41:00+00:00,79096.81,TP,2,2025-03-11 14:43:00+00:00
2025-03-11 14:42:00+00:00,79217.97,TP,1,2025-03-11 14:43:00+00:00
2025-03-11 14:49:00+00:00,79380.84,TP,1,2025-03-11 14:50:00+00:00
2025-03-12 14:41:00+00:00,81656.2,TP,13,2025-03-12 14:54:00+00:00
2025-03-12 15:07:00+00:00,80661.57,TP,2,2025-03-12 15:09:00+00:00
2025-03-12 15:10:00+00:00,80789.14,TP,1,2025-03-12 15:11:00+00:00
2025-03-13 16:54:00+00:00,80735.8,TP,93,2025-03-13 18:27:00+00:00
2025-03-13 16:55:00+00:00,80730.52,TP,92,2025-03-13 18:27:00+00:00
2025-03-13 17:10:00+00:00,80616.54,TP,73,2025-03-13 18:23:00+00:00
2025-03-13 17:11:00+00:00,80511.36,TP,62,2025-03-13 18:13:00+00:00
2025-03-13 17:12:00+00:00,80544.55,TP,71,2025-03-13 18:23:00+00:00
2025-03-13 17:17:00+00:00,80402.88,TP,56,2025-03-13 18:13:00+00:00
2025-03-13 17:18:00+00:00,80325.5,TP,49,2025-03-13 18:07:00+00:00
2025-03-13 17:19:00+00:00,80383.29,TP,53,2025-03-13 18:12:00+00:00
2025-03-13 17:20:00+00:00,80394.71,TP,52,2025-03-13 18:12:00+00:00
2025-03-13 17:22:00+00:00,80410.7,TP,51,2025-03-13 18:13:00+00:00
2025-03-13 17:23:00+00:00,80319.2,TP,42,2025-03-13 18:05:00+00:00
2025-03-13 17:24:00+00:00,80323.04,TP,41,2025-03-13 18:05:00+00:00
2025-03-13 17:25:00+00:00,80311.36,TP,5,2025-03-13 17:30:00+00:00
2025-03-13 17:26:00+00:00,80229.17,TP,4,2025-03-13 17:30:00+00:00
2025-03-13 17:27:00+00:00,80269.9,TP,3,2025-03-13 17:30:00+00:00
2025-03-13 17:31:00+00:00,80323.85,TP,34,2025-03-13 18:05:00+00:00
2025-03-13 17:32:00+00:00,80254.39,TP,33,2025-03-13 18:05:00+00:00
2025-03-13 17:33:00+00:00,80346.72,TP,38,2025-03-13 18:11:00+00:00
2025-03-13 17:34:00+00:00,80219.31,TP,29,2025-03-13 18:03:00+00:00
2025-03-13 17:35:00+00:00,80309.4,TP,30,2025-03-13 18:05:00+00:00
2025-03-13 17:36:00+00:00,80208.77,TP,27,2025-03-13 18:03:00+00:00
2025-03-13 17:37:00+00:00,80304.93,TP,28,2025-03-13 18:05:00+00:00
2025-03-13 17:38:00+00:00,80217.71,TP,25,2025-03-13 18:03:00+00:00
2025-03-13 17:39:00+00:00,80143.18,TP,24,2025-03-13 18:03:00+00:00
2025-03-13 17:40:00+00:00,80204.07,TP,23,2025-03-13 18:03:00+00:00
2025-03-13 17:41:00+00:00,80194.68,TP,22,2025-03-13 18:03:00+00:00
2025-03-13 17:42:00+00:00,80130.67,TP,20,2025-03-13 18:02:00+00:00
2025-03-13 17:43:00+00:00,80177.5,TP,20,2025-03-13 18:03:00+00:00
2025-03-13 17:44:00+00:00,80151.39,TP,19,2025-03-13 18:03:00+00:00
2025-03-13 17:45:00+00:00,80058.21,TP,17,2025-03-13 18:02:00+00:00
2025-03-13 17:46:00+00:00,79991.99,TP,6,2025-03-13 17:52:00+00:00
2025-03-13 17:47:00+00:00,80094.72,TP,15,2025-03-13 18:02:00+00:00
2025-03-13 17:48:00+00:00,79966.7,TP,4,2025-03-13 17:52:00+00:00
2025-03-13 17:49:00+00:00,80010.5,TP,3,2025-03-13 17:52:00+00:00
2025-03-13 17:50:00+00:00,80146.39,TP,13,2025-03-13 18:03:00+00:00
2025-03-13 17:51:00+00:00,80113.38,TP,11,2025-03-13 18:02:00+00:00
2025-03-13 17:52:00+00:00,80243.47,TP,13,2025-03-13 18:05:00+00:00
2025-03-13 17:53:00+00:00,80170.82,TP,10,2025-03-13 18:03:00+00:00
2025-03-13 17:54:00+00:00,80173.09,TP,9,2025-03-13 18:03:00+00:00
2025-03-13 17:55:00+00:00,80087.6,TP,7,2025-03-13 18:02:00+00:00
2025-03-13 17:56:00+00:00,80057.68,TP,6,2025-03-13 18:02:00+00:00
2025-03-13 17:57:00+00:00,80020.17,TP,5,2025-03-13 18:02:00+00:00
2025-03-13 17:58:00+00:00,79990.57,TP,3,2025-03-13 18:01:00+00:00
2025-03-13 17:59:00+00:00,80064.0,TP,3,2025-03-13 18:02:00+00:00
2025-03-13 18:00:00+00:00,80120.16,TP,2,2025-03-13 18:02:00+00:00
2025-03-13 18:01:00+00:00,80206.48,TP,2,2025-03-13 18:03:00+00:00
2025-03-13 18:02:00+00:00,80342.29,TP,9,2025-03-13 18:11:00+00:00
2025-03-13 18:04:00+00:00,80351.02,TP,7,2025-03-13 18:11:00+00:00
2025-03-13 18:22:00+00:00,80627.46,TP,1,2025-03-13 18:23:00+00:00
2025-03-13 18:28:00+00:00,80815.32,TP,240,2025-03-13 22:28:00+00:00
2025-03-13 19:31:00+00:00,80515.52,TP,60,2025-03-13 20:31:00+00:00
